source,url,status,type
https://www.stage.boost.org/accounts/github/login/?process=login,https://www.stage.boost.org/password_reset,404,site
https://www.stage.boost.org/accounts/github/login/?process=login,https://www.stage.boost.org/join?return_to=%2Flogin%2Foauth%2Fauthorize%3Fclient_id%3DOv23li8QwfSPzJhQa6oP%26redirect_uri%3Dhttps%253A%252F%252Fwww.stage.boost.org%252Faccounts%252Fgithub%252Flogin%252Fcallback%252F%26response_type%3Dcode%26scope%3Duser%253Aemail%26state%3DI5BQzqWWTDV11uDN&source=oauth,404,site
https://www.stage.boost.org/accounts/google/login/?process=login,https://www.stage.boost.org/signin/v2/usernamerecovery?access_type=online&app_domain=https://www.stage.boost.org&client_id=253849962791-vmubnjcj6a4padurkbeo4n4ctkpbta19.apps.googleusercontent.com&code_challenge=wipgJAbyZ3DoIfHVm1QefSzgHwp-PM3fgnNQN0FE7js&code_challenge_method=S256&continue=https://accounts.google.com/signin/oauth/legacy/consent?authuser%3Dunknown%26part%3DAJi8hAM2MqZaeeiKOpCOTND6WX5PZvVrnl2xK2x_ZrNzMy8xvDEqB39oJiDymI17-HIFpYlCJhYR8G9j2EKKKRZyx8fHr4CLAw4wE4oD01iUt703fgOtCCpNviKKvaSZ3XRwPaR6NeVR3ygGyi9tcuhZ4e5w7FtE1ZGn-H5KhJV5T3gh78HF3oEgnX0YM17jjzWBtJurh7HPuhY7yRc8-DrxcMXFbQJsrMugoFKj14ywgQTsGDMqbSqGgln_wY3CZa96-XOCXw2COg5nHl6H45Si0huMySt5UT-4ow4Sc4s6pSERQKnu5Rz8ghdQultYS5bFZDUuifTcsd3Je4iYr2jiX9nSVUO_G_dsyMp0nC1n8pLBQh090ggifkv7jByc5BghaE_GqQ6otJlR_HH-2HN-7t_DjWAObPmEAGSS4PLHS0bwPzwenAsmgGe7zqitN-yKm0teoXT7Pw9jBjgu3JpMB9uE5WYeIy77S4KOJ2OH5XovyILIn8k%26flowName%3DGeneralOAuthFlow%26as%3DS2084173496%253A1763577453047968%26client_id%3D253849962791-vmubnjcj6a4padurkbeo4n4ctkpbta19.apps.googleusercontent.com%23&dsh=S2084173496:1763577453047968&flowName=GeneralOAuthLite&o2v=2&opparams=%253F&prompt=select_account&rart=ANgoxceqRa_oj0PxYN31NRa_qFmiTlgpRr1pBkSViIu5zimTlZ0UJngP02kaqIKBRd44Q-pyUlHsN7hSJwJa59Wo_4hEewM9HSa64BX6t_p0QIRGyuzzSZo&redirect_uri=https://www.stage.boost.org/accounts/google/login/callback/&response_type=code&scope=email+profile&service=lso&state=mECfZQf908IMN66c,404,site
https://www.stage.boost.org/accounts/google/login/?process=login,https://www.stage.boost.org/lifecycle/flows/signup?access_type=online&app_domain=https://www.stage.boost.org&client_id=253849962791-vmubnjcj6a4padurkbeo4n4ctkpbta19.apps.googleusercontent.com&code_challenge=wipgJAbyZ3DoIfHVm1QefSzgHwp-PM3fgnNQN0FE7js&code_challenge_method=S256&continue=https://accounts.google.com/signin/oauth/legacy/consent?authuser%3Dunknown%26part%3DAJi8hAM2MqZaeeiKOpCOTND6WX5PZvVrnl2xK2x_ZrNzMy8xvDEqB39oJiDymI17-HIFpYlCJhYR8G9j2EKKKRZyx8fHr4CLAw4wE4oD01iUt703fgOtCCpNviKKvaSZ3XRwPaR6NeVR3ygGyi9tcuhZ4e5w7FtE1ZGn-H5KhJV5T3gh78HF3oEgnX0YM17jjzWBtJurh7HPuhY7yRc8-DrxcMXFbQJsrMugoFKj14ywgQTsGDMqbSqGgln_wY3CZa96-XOCXw2COg5nHl6H45Si0huMySt5UT-4ow4Sc4s6pSERQKnu5Rz8ghdQultYS5bFZDUuifTcsd3Je4iYr2jiX9nSVUO_G_dsyMp0nC1n8pLBQh090ggifkv7jByc5BghaE_GqQ6otJlR_HH-2HN-7t_DjWAObPmEAGSS4PLHS0bwPzwenAsmgGe7zqitN-yKm0teoXT7Pw9jBjgu3JpMB9uE5WYeIy77S4KOJ2OH5XovyILIn8k%26flowName%3DGeneralOAuthFlow%26as%3DS2084173496%253A1763577453047968%26client_id%3D253849962791-vmubnjcj6a4padurkbeo4n4ctkpbta19.apps.googleusercontent.com%23&dsh=S2084173496:1763577453047968&flowEntry=SignUp&flowName=GlifWebSignIn&o2v=2&opparams=%253F&prompt=select_account&rart=ANgoxceqRa_oj0PxYN31NRa_qFmiTlgpRr1pBkSViIu5zimTlZ0UJngP02kaqIKBRd44Q-pyUlHsN7hSJwJa59Wo_4hEewM9HSa64BX6t_p0QIRGyuzzSZo&redirect_uri=https://www.stage.boost.org/accounts/google/login/callback/&response_type=code&scope=email+profile&service=lso&signInUrl=https://accounts.google.com/signin/oauth?access_type%3Donline%26app_domain%3Dhttps://www.stage.boost.org%26client_id%3D253849962791-vmubnjcj6a4padurkbeo4n4ctkpbta19.apps.googleusercontent.com%26code_challenge%3DwipgJAbyZ3DoIfHVm1QefSzgHwp-PM3fgnNQN0FE7js%26code_challenge_method%3DS256%26continue%3Dhttps://accounts.google.com/signin/oauth/legacy/consent?authuser%253Dunknown%2526part%253DAJi8hAM2MqZaeeiKOpCOTND6WX5PZvVrnl2xK2x_ZrNzMy8xvDEqB39oJiDymI17-HIFpYlCJhYR8G9j2EKKKRZyx8fHr4CLAw4wE4oD01iUt703fgOtCCpNviKKvaSZ3XRwPaR6NeVR3ygGyi9tcuhZ4e5w7FtE1ZGn-H5KhJV5T3gh78HF3oEgnX0YM17jjzWBtJurh7HPuhY7yRc8-DrxcMXFbQJsrMugoFKj14ywgQTsGDMqbSqGgln_wY3CZa96-XOCXw2COg5nHl6H45Si0huMySt5UT-4ow4Sc4s6pSERQKnu5Rz8ghdQultYS5bFZDUuifTcsd3Je4iYr2jiX9nSVUO_G_dsyMp0nC1n8pLBQh090ggifkv7jByc5BghaE_GqQ6otJlR_HH-2HN-7t_DjWAObPmEAGSS4PLHS0bwPzwenAsmgGe7zqitN-yKm0teoXT7Pw9jBjgu3JpMB9uE5WYeIy77S4KOJ2OH5XovyILIn8k%2526flowName%253DGeneralOAuthFlow%2526as%253DS2084173496%25253A1763577453047968%2526client_id%253D253849962791-vmubnjcj6a4padurkbeo4n4ctkpbta19.apps.googleusercontent.com%2523%26dsh%3DS2084173496:1763577453047968%26flowName%3DGeneralOAuthLite%26o2v%3D2%26opparams%3D%25253F%26prompt%3Dselect_account%26rart%3DANgoxceqRa_oj0PxYN31NRa_qFmiTlgpRr1pBkSViIu5zimTlZ0UJngP02kaqIKBRd44Q-pyUlHsN7hSJwJa59Wo_4hEewM9HSa64BX6t_p0QIRGyuzzSZo%26redirect_uri%3Dhttps://www.stage.boost.org/accounts/google/login/callback/%26response_type%3Dcode%26scope%3Demail%2Bprofile%26service%3Dlso%26state%3DmECfZQf908IMN66c&state=mECfZQf908IMN66c,404,site
https://www.stage.boost.org/accounts/signup/,https://www.stage.boost.org/accounts/signup/terms-of-use,404,site
https://www.stage.boost.org/libs/bloom/,https://www.stage.boost.org/example/basic.cpp,404,site
https://www.stage.boost.org/libs/bloom/,https://www.stage.boost.org/container_hash/index.html,404,site
https://www.stage.boost.org/libs/bloom/,https://www.stage.boost.org/container_hash/doc/html/hash.html#user,404,site
https://www.stage.boost.org/libs/bloom/,https://www.stage.boost.org/container_hash/doc/html/hash.html#ref_hash_is_avalanchinghash,404,site
https://www.stage.boost.org/libs/bloom/,https://www.stage.boost.org/extra/boost_bloom.natvis,404,site
https://www.stage.boost.org/libs/bloom/,https://www.stage.boost.org/extra/boost_bloom_printers.py,404,site
https://www.stage.boost.org/libs/any/,https://www.stage.boost.org/libs/any/align/history.html,404,site
https://www.stage.boost.org/libs/any/,https://www.stage.boost.org/libs/any/libraries.html,404,site
https://www.stage.boost.org/libs/any/index.html,https://www.stage.boost.org/libs/any/any/examples.html,404,site
https://www.stage.boost.org/libs/any/index.html,https://www.stage.boost.org/libs/any/any.html#any.introduction,404,site
https://www.stage.boost.org/libs/any/index.html,https://www.stage.boost.org/libs/any/any/ValueType.html,404,site
https://www.stage.boost.org/libs/any/index.html,https://www.stage.boost.org/libs/any/any/c_20_module.html,404,site
https://www.stage.boost.org/libs/any/index.html,https://www.stage.boost.org/libs/any/reference_section_of_boost_any.html,404,site
https://www.stage.boost.org/libs/any/index.html,https://www.stage.boost.org/libs/any/reference_section_of_boost_any.html#doxygen.reference_section_of_boost_any.any_8hpp,404,site
https://www.stage.boost.org/libs/any/index.html,https://www.stage.boost.org/libs/any/reference_section_of_boost_any.html#doxygen.reference_section_of_boost_any.bad__any__cast_8hpp,404,site
https://www.stage.boost.org/libs/any/index.html,https://www.stage.boost.org/libs/any/reference_section_of_boost_any.html#doxygen.reference_section_of_boost_any.basic__any_8hpp,404,site
https://www.stage.boost.org/libs/any/index.html,https://www.stage.boost.org/libs/any/reference_section_of_boost_any.html#doxygen.reference_section_of_boost_any.fwd_8hpp,404,site
https://www.stage.boost.org/libs/any/index.html,https://www.stage.boost.org/libs/any/reference_section_of_boost_any.html#doxygen.reference_section_of_boost_any.unique__any_8hpp,404,site
https://www.stage.boost.org/libs/any/index.html,https://www.stage.boost.org/libs/any/any/acknowledgements.html,404,site
https://www.stage.boost.org/libs/any/index.html,https://www.stage.boost.org/libs/any/doxygen/reference_section_of_boost_any/classboost_1_1any.html,404,site
https://www.stage.boost.org/libs/any/index.html,https://www.stage.boost.org/libs/any/doxygen/reference_section_of_boost_any/classboost_1_1anys_1_1unique__any.html,404,site
https://www.stage.boost.org/libs/asio/,https://www.stage.boost.org/libs/asio/boost_asio/overview.html,404,site
https://www.stage.boost.org/libs/asio/,https://www.stage.boost.org/libs/asio/boost_asio/using.html,404,site
https://www.stage.boost.org/libs/asio/,https://www.stage.boost.org/libs/asio/boost_asio/tutorial.html,404,site
https://www.stage.boost.org/libs/asio/,https://www.stage.boost.org/libs/asio/boost_asio/examples.html,404,site
https://www.stage.boost.org/libs/asio/,https://www.stage.boost.org/libs/asio/boost_asio/reference.html,404,site
https://www.stage.boost.org/libs/asio/,https://www.stage.boost.org/libs/asio/boost_asio/net_ts.html,404,site
https://www.stage.boost.org/libs/asio/,https://www.stage.boost.org/libs/asio/boost_asio/std_executors.html,404,site
https://www.stage.boost.org/libs/asio/,https://www.stage.boost.org/libs/asio/boost_asio/history.html,404,site
https://www.stage.boost.org/libs/asio/,https://www.stage.boost.org/libs/asio/boost_asio/index.html,404,site
https://www.stage.boost.org/libs/atomic/,https://www.stage.boost.org/libs/atomic/atomic/thread_coordination.html,404,site
https://www.stage.boost.org/libs/atomic/index.html#atomic.introduction.introduction_purpose,https://www.stage.boost.org/libs/atomic/atomic/thread_coordination.html#atomic.thread_coordination.mutex,404,site
https://www.stage.boost.org/libs/atomic/index.html#atomic.introduction.introduction_purpose,https://www.stage.boost.org/libs/atomic/atomic/thread_coordination.html#atomic.thread_coordination.release_acquire,404,site
https://www.stage.boost.org/libs/atomic/index.html#atomic.introduction.introduction_purpose,https://www.stage.boost.org/libs/atomic/atomic/thread_coordination.html#atomic.thread_coordination.fences,404,site
https://www.stage.boost.org/libs/atomic/index.html#atomic.introduction.introduction_purpose,https://www.stage.boost.org/libs/atomic/atomic/thread_coordination.html#atomic.thread_coordination.release_consume,404,site
https://www.stage.boost.org/libs/atomic/index.html#atomic.introduction.introduction_purpose,https://www.stage.boost.org/libs/atomic/atomic/thread_coordination.html#atomic.thread_coordination.seq_cst,404,site
https://www.stage.boost.org/libs/atomic/index.html#atomic.introduction.introduction_purpose,https://www.stage.boost.org/libs/atomic/atomic/interface.html,404,site
https://www.stage.boost.org/libs/atomic/index.html#atomic.introduction.introduction_purpose,https://www.stage.boost.org/libs/atomic/atomic/interface.html#atomic.interface.configuration,404,site
https://www.stage.boost.org/libs/atomic/index.html#atomic.introduction.introduction_purpose,https://www.stage.boost.org/libs/atomic/atomic/interface.html#atomic.interface.interface_memory_order,404,site
https://www.stage.boost.org/libs/atomic/index.html#atomic.introduction.introduction_purpose,https://www.stage.boost.org/libs/atomic/atomic/interface.html#atomic.interface.interface_atomic_flag,404,site
https://www.stage.boost.org/libs/atomic/index.html#atomic.introduction.introduction_purpose,https://www.stage.boost.org/libs/atomic/atomic/interface.html#atomic.interface.interface_atomic_object,404,site
https://www.stage.boost.org/libs/atomic/index.html#atomic.introduction.introduction_purpose,https://www.stage.boost.org/libs/atomic/atomic/interface.html#atomic.interface.interface_atomic_ref,404,site
https://www.stage.boost.org/libs/atomic/index.html#atomic.introduction.introduction_purpose,https://www.stage.boost.org/libs/atomic/atomic/interface.html#atomic.interface.interface_wait_notify_ops,404,site
https://www.stage.boost.org/libs/atomic/index.html#atomic.introduction.introduction_purpose,https://www.stage.boost.org/libs/atomic/atomic/interface.html#atomic.interface.interface_ipc,404,site
https://www.stage.boost.org/libs/atomic/index.html#atomic.introduction.introduction_purpose,https://www.stage.boost.org/libs/atomic/atomic/interface.html#atomic.interface.interface_fences,404,site
https://www.stage.boost.org/libs/atomic/index.html#atomic.introduction.introduction_purpose,https://www.stage.boost.org/libs/atomic/atomic/interface.html#atomic.interface.thread_pause,404,site
https://www.stage.boost.org/libs/atomic/index.html#atomic.introduction.introduction_purpose,https://www.stage.boost.org/libs/atomic/atomic/interface.html#atomic.interface.feature_macros,404,site
https://www.stage.boost.org/libs/atomic/index.html#atomic.introduction.introduction_purpose,https://www.stage.boost.org/libs/atomic/atomic/usage_examples.html,404,site
https://www.stage.boost.org/libs/atomic/index.html#atomic.introduction.introduction_purpose,https://www.stage.boost.org/libs/atomic/atomic/usage_examples.html#boost_atomic.usage_examples.example_reference_counters,404,site
https://www.stage.boost.org/libs/atomic/index.html#atomic.introduction.introduction_purpose,https://www.stage.boost.org/libs/atomic/atomic/usage_examples.html#boost_atomic.usage_examples.example_spinlock,404,site
https://www.stage.boost.org/libs/atomic/index.html#atomic.introduction.introduction_purpose,https://www.stage.boost.org/libs/atomic/atomic/usage_examples.html#boost_atomic.usage_examples.singleton,404,site
https://www.stage.boost.org/libs/atomic/index.html#atomic.introduction.introduction_purpose,https://www.stage.boost.org/libs/atomic/atomic/usage_examples.html#boost_atomic.usage_examples.example_ringbuffer,404,site
https://www.stage.boost.org/libs/atomic/index.html#atomic.introduction.introduction_purpose,https://www.stage.boost.org/libs/atomic/atomic/usage_examples.html#boost_atomic.usage_examples.mp_queue,404,site
https://www.stage.boost.org/libs/atomic/index.html#atomic.introduction.introduction_purpose,https://www.stage.boost.org/libs/atomic/atomic/limitations.html,404,site
https://www.stage.boost.org/libs/atomic/index.html#atomic.introduction.introduction_purpose,https://www.stage.boost.org/libs/atomic/atomic/porting.html,404,site
https://www.stage.boost.org/libs/atomic/index.html#atomic.introduction.introduction_purpose,https://www.stage.boost.org/libs/atomic/atomic/porting.html#atomic.porting.unit_tests,404,site
https://www.stage.boost.org/libs/atomic/index.html#atomic.introduction.introduction_purpose,https://www.stage.boost.org/libs/atomic/atomic/porting.html#atomic.porting.tested_compilers,404,site
https://www.stage.boost.org/libs/atomic/index.html#atomic.introduction.introduction_purpose,https://www.stage.boost.org/libs/atomic/atomic/changelog.html,404,site
https://www.stage.boost.org/libs/atomic/index.html#atomic.introduction.introduction_purpose,https://www.stage.boost.org/libs/atomic/atomic/acknowledgements.html,404,site
https://www.stage.boost.org/libs/beast/,https://www.stage.boost.org/libs/beast/beast/quickref.html,404,site
https://www.stage.boost.org/libs/beast/,https://www.stage.boost.org/libs/beast/beast/release_notes.html,404,site
https://www.stage.boost.org/libs/beast/,https://www.stage.boost.org/libs/beast/beast/beast_api_version.html,404,site
https://www.stage.boost.org/libs/beast/,https://www.stage.boost.org/libs/beast/beast/introduction.html,404,site
https://www.stage.boost.org/libs/beast/,https://www.stage.boost.org/libs/beast/beast/introduction.html#beast.introduction.requirements,404,site
https://www.stage.boost.org/libs/beast/,https://www.stage.boost.org/libs/beast/beast/introduction.html#beast.introduction.reporting_bugs,404,site
https://www.stage.boost.org/libs/beast/,https://www.stage.boost.org/libs/beast/beast/introduction.html#beast.introduction.credits,404,site
https://www.stage.boost.org/libs/beast/,https://www.stage.boost.org/libs/beast/beast/quick_start.html,404,site
https://www.stage.boost.org/libs/beast/,https://www.stage.boost.org/libs/beast/beast/quick_start/http_client.html,404,site
https://www.stage.boost.org/libs/beast/,https://www.stage.boost.org/libs/beast/beast/quick_start/websocket_client.html,404,site
https://www.stage.boost.org/libs/beast/,https://www.stage.boost.org/libs/beast/beast/quick_start/security_review_bishop_fox.html,404,site
https://www.stage.boost.org/libs/beast/,https://www.stage.boost.org/libs/beast/beast/quick_start/websocket_autobahn_testsuite.html,404,site
https://www.stage.boost.org/libs/beast/,https://www.stage.boost.org/libs/beast/beast/examples.html,404,site
https://www.stage.boost.org/libs/beast/,https://www.stage.boost.org/libs/beast/beast/examples.html#beast.examples.clients,404,site
https://www.stage.boost.org/libs/beast/,https://www.stage.boost.org/libs/beast/beast/examples.html#beast.examples.servers,404,site
https://www.stage.boost.org/libs/beast/,https://www.stage.boost.org/libs/beast/beast/examples.html#beast.examples.servers_advanced,404,site
https://www.stage.boost.org/libs/beast/,https://www.stage.boost.org/libs/beast/beast/examples.html#beast.examples.chat_server,404,site
https://www.stage.boost.org/libs/beast/,https://www.stage.boost.org/libs/beast/beast/using_io.html,404,site
https://www.stage.boost.org/libs/beast/,https://www.stage.boost.org/libs/beast/beast/using_io/asio_refresher.html,404,site
https://www.stage.boost.org/libs/beast/,https://www.stage.boost.org/libs/beast/beast/using_io/stream_types.html,404,site
https://www.stage.boost.org/libs/beast/,https://www.stage.boost.org/libs/beast/beast/using_io/timeouts.html,404,site
https://www.stage.boost.org/libs/beast/,https://www.stage.boost.org/libs/beast/beast/using_io/rate_limiting.html,404,site
https://www.stage.boost.org/libs/beast/,https://www.stage.boost.org/libs/beast/beast/using_io/layered_streams.html,404,site
https://www.stage.boost.org/libs/beast/,https://www.stage.boost.org/libs/beast/beast/using_io/layered_streams/counted_stream_example.html,404,site
https://www.stage.boost.org/libs/beast/,https://www.stage.boost.org/libs/beast/beast/using_io/buffer_types.html,404,site
https://www.stage.boost.org/libs/beast/,https://www.stage.boost.org/libs/beast/beast/using_io/files.html,404,site
https://www.stage.boost.org/libs/beast/,https://www.stage.boost.org/libs/beast/beast/using_io/writing_composed_operations.html,404,site
https://www.stage.boost.org/libs/beast/,https://www.stage.boost.org/libs/beast/beast/using_io/writing_composed_operations/echo.html,404,site
https://www.stage.boost.org/libs/beast/,https://www.stage.boost.org/libs/beast/beast/using_io/writing_composed_operations/detect_ssl.html,404,site
https://www.stage.boost.org/libs/beast/,https://www.stage.boost.org/libs/beast/beast/using_io/ssl_tls_certificate.html,404,site
https://www.stage.boost.org/libs/beast/,https://www.stage.boost.org/libs/beast/beast/using_io/ssl_tls_shutdown.html,404,site
https://www.stage.boost.org/libs/beast/,https://www.stage.boost.org/libs/beast/beast/using_io/ssl_tls_shutdown.html#beast.using_io.ssl_tls_shutdown.error_stream_truncated,404,site
https://www.stage.boost.org/libs/beast/,https://www.stage.boost.org/libs/beast/beast/config.html,404,site
https://www.stage.boost.org/libs/beast/,https://www.stage.boost.org/libs/beast/beast/config/configuration_preprocessor_defin.html,404,site
https://www.stage.boost.org/libs/beast/,https://www.stage.boost.org/libs/beast/beast/using_http.html,404,site
https://www.stage.boost.org/libs/beast/,https://www.stage.boost.org/libs/beast/beast/using_http/protocol_primer.html,404,site
https://www.stage.boost.org/libs/beast/,https://www.stage.boost.org/libs/beast/beast/using_http/message_containers.html,404,site
https://www.stage.boost.org/libs/beast/,https://www.stage.boost.org/libs/beast/beast/using_http/message_stream_operations.html,404,site
https://www.stage.boost.org/libs/beast/,https://www.stage.boost.org/libs/beast/beast/using_http/serializer_stream_operations.html,404,site
https://www.stage.boost.org/libs/beast/,https://www.stage.boost.org/libs/beast/beast/using_http/parser_stream_operations.html,404,site
https://www.stage.boost.org/libs/beast/,https://www.stage.boost.org/libs/beast/beast/using_http/parser_stream_operations/incremental_read.html,404,site
https://www.stage.boost.org/libs/beast/,https://www.stage.boost.org/libs/beast/beast/using_http/parser_stream_operations/read_large_response_body.html,404,site
https://www.stage.boost.org/libs/beast/,https://www.stage.boost.org/libs/beast/beast/using_http/buffer_oriented_serializing.html,404,site
https://www.stage.boost.org/libs/beast/,https://www.stage.boost.org/libs/beast/beast/using_http/buffer_oriented_serializing.html#beast.using_http.buffer_oriented_serializing.write_to_std_ostream,404,site
https://www.stage.boost.org/libs/beast/,https://www.stage.boost.org/libs/beast/beast/using_http/buffer_oriented_parsing.html,404,site
https://www.stage.boost.org/libs/beast/,https://www.stage.boost.org/libs/beast/beast/using_http/buffer_oriented_parsing.html#beast.using_http.buffer_oriented_parsing.read_from_std_istream,404,site
https://www.stage.boost.org/libs/beast/,https://www.stage.boost.org/libs/beast/beast/using_http/chunked_encoding.html,404,site
https://www.stage.boost.org/libs/beast/,https://www.stage.boost.org/libs/beast/beast/using_http/custom_body_types.html,404,site
https://www.stage.boost.org/libs/beast/,https://www.stage.boost.org/libs/beast/beast/using_http/custom_body_types.html#beast.using_http.custom_body_types.file_body,404,site
https://www.stage.boost.org/libs/beast/,https://www.stage.boost.org/libs/beast/beast/using_http/custom_parsers.html,404,site
https://www.stage.boost.org/libs/beast/,https://www.stage.boost.org/libs/beast/beast/more_examples.html,404,site
https://www.stage.boost.org/libs/beast/,https://www.stage.boost.org/libs/beast/beast/more_examples/change_body_type.html,404,site
https://www.stage.boost.org/libs/beast/,https://www.stage.boost.org/libs/beast/beast/more_examples/expect_100_continue_client.html,404,site
https://www.stage.boost.org/libs/beast/,https://www.stage.boost.org/libs/beast/beast/more_examples/expect_100_continue_server.html,404,site
https://www.stage.boost.org/libs/beast/,https://www.stage.boost.org/libs/beast/beast/more_examples/head_request_client.html,404,site
https://www.stage.boost.org/libs/beast/,https://www.stage.boost.org/libs/beast/beast/more_examples/head_response_server.html,404,site
https://www.stage.boost.org/libs/beast/,https://www.stage.boost.org/libs/beast/beast/more_examples/http_relay.html,404,site
https://www.stage.boost.org/libs/beast/,https://www.stage.boost.org/libs/beast/beast/more_examples/send_child_process_output.html,404,site
https://www.stage.boost.org/libs/beast/,https://www.stage.boost.org/libs/beast/beast/using_websocket.html,404,site
https://www.stage.boost.org/libs/beast/,https://www.stage.boost.org/libs/beast/beast/using_websocket/establishing_connections.html,404,site
https://www.stage.boost.org/libs/beast/,https://www.stage.boost.org/libs/beast/beast/using_websocket/handshaking.html,404,site
https://www.stage.boost.org/libs/beast/,https://www.stage.boost.org/libs/beast/beast/using_websocket/decorator.html,404,site
https://www.stage.boost.org/libs/beast/,https://www.stage.boost.org/libs/beast/beast/using_websocket/messages.html,404,site
https://www.stage.boost.org/libs/beast/,https://www.stage.boost.org/libs/beast/beast/using_websocket/control_frames.html,404,site
https://www.stage.boost.org/libs/beast/,https://www.stage.boost.org/libs/beast/beast/using_websocket/timeouts.html,404,site
https://www.stage.boost.org/libs/beast/,https://www.stage.boost.org/libs/beast/beast/using_websocket/teardown.html,404,site
https://www.stage.boost.org/libs/beast/,https://www.stage.boost.org/libs/beast/beast/using_websocket/notes.html,404,site
https://www.stage.boost.org/libs/beast/,https://www.stage.boost.org/libs/beast/beast/concepts.html,404,site
https://www.stage.boost.org/libs/beast/,https://www.stage.boost.org/libs/beast/beast/concepts/Body.html,404,site
https://www.stage.boost.org/libs/beast/,https://www.stage.boost.org/libs/beast/beast/concepts/BodyReader.html,404,site
https://www.stage.boost.org/libs/beast/,https://www.stage.boost.org/libs/beast/beast/concepts/BodyWriter.html,404,site
https://www.stage.boost.org/libs/beast/,https://www.stage.boost.org/libs/beast/beast/concepts/BufferSequence.html,404,site
https://www.stage.boost.org/libs/beast/,https://www.stage.boost.org/libs/beast/beast/concepts/BuffersGenerator.html,404,site
https://www.stage.boost.org/libs/beast/,https://www.stage.boost.org/libs/beast/beast/concepts/DynamicBuffer.html,404,site
https://www.stage.boost.org/libs/beast/,https://www.stage.boost.org/libs/beast/beast/concepts/Fields.html,404,site
https://www.stage.boost.org/libs/beast/,https://www.stage.boost.org/libs/beast/beast/concepts/FieldsWriter.html,404,site
https://www.stage.boost.org/libs/beast/,https://www.stage.boost.org/libs/beast/beast/concepts/File.html,404,site
https://www.stage.boost.org/libs/beast/,https://www.stage.boost.org/libs/beast/beast/concepts/RatePolicy.html,404,site
https://www.stage.boost.org/libs/beast/,https://www.stage.boost.org/libs/beast/beast/concepts/streams.html,404,site
https://www.stage.boost.org/libs/beast/,https://www.stage.boost.org/libs/beast/beast/design_choices.html,404,site
https://www.stage.boost.org/libs/beast/,https://www.stage.boost.org/libs/beast/beast/design_choices/http_message_container.html,404,site
https://www.stage.boost.org/libs/beast/,https://www.stage.boost.org/libs/beast/beast/design_choices/http_comparison_to_other_librari.html,404,site
https://www.stage.boost.org/libs/beast/,https://www.stage.boost.org/libs/beast/beast/design_choices/comparison_to_zaphoyd_studios_we.html,404,site
https://www.stage.boost.org/libs/beast/,https://www.stage.boost.org/libs/beast/beast/design_choices/faq.html,404,site
https://www.stage.boost.org/libs/beast/,https://www.stage.boost.org/libs/beast/beast/index.html,404,site
https://www.stage.boost.org/libs/cobalt/,https://www.stage.boost.org/doc/libs/master/doc/html/boost_asio/reference/any_io_executor.html::,404,doc
https://www.stage.boost.org/libs/container_hash/,https://www.stage.boost.org/unordered/index.html,404,site
https://www.stage.boost.org/libs/container_hash/,https://www.stage.boost.org/intrusive/index.html,404,site
https://www.stage.boost.org/libs/container_hash/,https://www.stage.boost.org/multi_index/index.html,404,site
https://www.stage.boost.org/libs/container_hash/,https://www.stage.boost.org/bimap/index.html,404,site
https://www.stage.boost.org/libs/container_hash/,https://www.stage.boost.org/describe/index.html,404,site
https://www.stage.boost.org/libs/container_hash/,https://www.stage.boost.org/examples/books.hpp,404,site
https://www.stage.boost.org/libs/container_hash/,https://www.stage.boost.org/examples/books.cpp,404,site
https://www.stage.boost.org/libs/container_hash/,https://www.stage.boost.org/examples/point.cpp,404,site
https://www.stage.boost.org/libs/container_hash/,https://www.stage.boost.org/examples/template.hpp,404,site
https://www.stage.boost.org/libs/container_hash/,https://www.stage.boost.org/examples/template.cpp,404,site
https://www.stage.boost.org/libs/container_hash/,https://www.stage.boost.org/examples/point2.cpp,404,site
https://www.stage.boost.org/libs/conversion/,https://www.stage.boost.org/libs/conversion/container/release_notes.html,404,site
https://www.stage.boost.org/libs/conversion/,https://www.stage.boost.org/libs/conversion/libraries.html,404,site
https://www.stage.boost.org/libs/conversion/index.html,https://www.stage.boost.org/libs/conversion/conversion/polymorphic_casts.html,404,site
https://www.stage.boost.org/libs/conversion/index.html,https://www.stage.boost.org/libs/conversion/conversion.html#conversion.description,404,site
https://www.stage.boost.org/libs/conversion/index.html,https://www.stage.boost.org/libs/conversion/conversion/polymorphic_casts.html#conversion.polymorphic_casts.polymorphic_downcast,404,site
https://www.stage.boost.org/libs/conversion/index.html,https://www.stage.boost.org/libs/conversion/conversion/polymorphic_casts.html#conversion.polymorphic_casts.polymorphic_cast,404,site
https://www.stage.boost.org/libs/conversion/index.html,https://www.stage.boost.org/libs/conversion/conversion/polymorphic_casts.html#conversion.polymorphic_casts.polymorphic_pointer_cast,404,site
https://www.stage.boost.org/libs/conversion/index.html,https://www.stage.boost.org/libs/conversion/conversion/synopsis.html,404,site
https://www.stage.boost.org/libs/conversion/index.html,https://www.stage.boost.org/libs/conversion/conversion/history.html,404,site
https://www.stage.boost.org/libs/conversion/index.html,https://www.stage.boost.org/boost/polymorphic_cast.hpp,404,site
https://www.stage.boost.org/libs/conversion/index.html,https://www.stage.boost.org/libs/conversion/conversion/polymorphic_casts.html#polymorphic_cast,404,site
https://www.stage.boost.org/libs/conversion/index.html,https://www.stage.boost.org/libs/conversion/conversion/polymorphic_casts.html#polymorphic_downcast,404,site
https://www.stage.boost.org/libs/conversion/index.html,https://www.stage.boost.org/boost/polymorphic_pointer_cast.hpp,404,site
https://www.stage.boost.org/libs/conversion/index.html,https://www.stage.boost.org/libs/conversion/conversion/polymorphic_casts.html#polymorphic_pointer_cast,404,site
https://www.stage.boost.org/libs/conversion/index.html,https://www.stage.boost.org/boost/implicit_cast.hpp,404,site
https://www.stage.boost.org/libs/core/,https://www.stage.boost.org/libs/core/core/revision_history.html,404,site
https://www.stage.boost.org/libs/core/index.html#core.introduction,https://www.stage.boost.org/libs/core/core/addressof.html,404,site
https://www.stage.boost.org/libs/core/index.html#core.introduction,https://www.stage.boost.org/libs/core/core/alignof.html,404,site
https://www.stage.boost.org/libs/core/index.html#core.introduction,https://www.stage.boost.org/libs/core/core/allocator_access.html,404,site
https://www.stage.boost.org/libs/core/index.html#core.introduction,https://www.stage.boost.org/libs/core/core/allocator_traits.html,404,site
https://www.stage.boost.org/libs/core/index.html#core.introduction,https://www.stage.boost.org/libs/core/core/bit.html,404,site
https://www.stage.boost.org/libs/core/index.html#core.introduction,https://www.stage.boost.org/libs/core/core/checked_delete.html,404,site
https://www.stage.boost.org/libs/core/index.html#core.introduction,https://www.stage.boost.org/libs/core/core/cmath.html,404,site
https://www.stage.boost.org/libs/core/index.html#core.introduction,https://www.stage.boost.org/libs/core/core/data.html,404,site
https://www.stage.boost.org/libs/core/index.html#core.introduction,https://www.stage.boost.org/libs/core/core/default_allocator.html,404,site
https://www.stage.boost.org/libs/core/index.html#core.introduction,https://www.stage.boost.org/libs/core/core/demangle.html,404,site
https://www.stage.boost.org/libs/core/index.html#core.introduction,https://www.stage.boost.org/libs/core/core/empty_value.html,404,site
https://www.stage.boost.org/libs/core/index.html#core.introduction,https://www.stage.boost.org/libs/core/core/enable_if.html,404,site
https://www.stage.boost.org/libs/core/index.html#core.introduction,https://www.stage.boost.org/libs/core/core/exchange.html,404,site
https://www.stage.boost.org/libs/core/index.html#core.introduction,https://www.stage.boost.org/libs/core/core/explicit_operator_bool.html,404,site
https://www.stage.boost.org/libs/core/index.html#core.introduction,https://www.stage.boost.org/libs/core/core/first_scalar.html,404,site
https://www.stage.boost.org/libs/core/index.html#core.introduction,https://www.stage.boost.org/libs/core/core/functor.html,404,site
https://www.stage.boost.org/libs/core/index.html#core.introduction,https://www.stage.boost.org/libs/core/core/identity.html,404,site
https://www.stage.boost.org/libs/core/index.html#core.introduction,https://www.stage.boost.org/libs/core/core/ignore_unused.html,404,site
https://www.stage.boost.org/libs/core/index.html#core.introduction,https://www.stage.boost.org/libs/core/core/is_same.html,404,site
https://www.stage.boost.org/libs/core/index.html#core.introduction,https://www.stage.boost.org/libs/core/core/launder.html,404,site
https://www.stage.boost.org/libs/core/index.html#core.introduction,https://www.stage.boost.org/libs/core/core/lightweight_test.html,404,site
https://www.stage.boost.org/libs/core/index.html#core.introduction,https://www.stage.boost.org/libs/core/core/make_span.html,404,site
https://www.stage.boost.org/libs/core/index.html#core.introduction,https://www.stage.boost.org/libs/core/core/max_align.html,404,site
https://www.stage.boost.org/libs/core/index.html#core.introduction,https://www.stage.boost.org/libs/core/core/memory_resource.html,404,site
https://www.stage.boost.org/libs/core/index.html#core.introduction,https://www.stage.boost.org/libs/core/core/no_exceptions_support.html,404,site
https://www.stage.boost.org/libs/core/index.html#core.introduction,https://www.stage.boost.org/libs/core/core/noinit_adaptor.html,404,site
https://www.stage.boost.org/libs/core/index.html#core.introduction,https://www.stage.boost.org/libs/core/core/noncopyable.html,404,site
https://www.stage.boost.org/libs/core/index.html#core.introduction,https://www.stage.boost.org/libs/core/core/null_deleter.html,404,site
https://www.stage.boost.org/libs/core/index.html#core.introduction,https://www.stage.boost.org/libs/core/core/fclose_deleter.html,404,site
https://www.stage.boost.org/libs/core/index.html#core.introduction,https://www.stage.boost.org/libs/core/core/nvp.html,404,site
https://www.stage.boost.org/libs/core/index.html#core.introduction,https://www.stage.boost.org/libs/core/core/pointer_in_range.html,404,site
https://www.stage.boost.org/libs/core/index.html#core.introduction,https://www.stage.boost.org/libs/core/core/pointer_traits.html,404,site
https://www.stage.boost.org/libs/core/index.html#core.introduction,https://www.stage.boost.org/libs/core/core/quick_exit.html,404,site
https://www.stage.boost.org/libs/core/index.html#core.introduction,https://www.stage.boost.org/libs/core/core/ref.html,404,site
https://www.stage.boost.org/libs/core/index.html#core.introduction,https://www.stage.boost.org/libs/core/core/scoped_enum.html,404,site
https://www.stage.boost.org/libs/core/index.html#core.introduction,https://www.stage.boost.org/libs/core/core/serialization.html,404,site
https://www.stage.boost.org/libs/core/index.html#core.introduction,https://www.stage.boost.org/libs/core/core/size.html,404,site
https://www.stage.boost.org/libs/core/index.html#core.introduction,https://www.stage.boost.org/libs/core/core/span.html,404,site
https://www.stage.boost.org/libs/core/index.html#core.introduction,https://www.stage.boost.org/libs/core/core/swap.html,404,site
https://www.stage.boost.org/libs/core/index.html#core.introduction,https://www.stage.boost.org/libs/core/core/typeinfo.html,404,site
https://www.stage.boost.org/libs/core/index.html#core.introduction,https://www.stage.boost.org/libs/core/core/type_name.html,404,site
https://www.stage.boost.org/libs/core/index.html#core.introduction,https://www.stage.boost.org/libs/core/core/snprintf.html,404,site
https://www.stage.boost.org/libs/core/index.html#core.introduction,https://www.stage.boost.org/libs/core/core/uncaught_exceptions.html,404,site
https://www.stage.boost.org/libs/core/index.html#core.introduction,https://www.stage.boost.org/libs/core/core/use_default.html,404,site
https://www.stage.boost.org/libs/core/index.html#core.introduction,https://www.stage.boost.org/libs/core/core/verbose_terminate_handler.html,404,site
https://www.stage.boost.org/libs/core/index.html#core.introduction,https://www.stage.boost.org/libs/core/core/yield_primitives.html,404,site
https://www.stage.boost.org/libs/dll/,https://www.stage.boost.org/libs/dll/doxygen/local_time_reference/tz__database_8hpp_1a052308b3397c24f7a376496b7f5b1bad.html,404,site
https://www.stage.boost.org/libs/dll/,https://www.stage.boost.org/libs/dll/libraries.html,404,site
https://www.stage.boost.org/libs/dll/index.html,https://www.stage.boost.org/libs/dll/boost_dll/getting_started.html,404,site
https://www.stage.boost.org/libs/dll/index.html,https://www.stage.boost.org/libs/dll/boost_dll.html#boost_dll.introduction,404,site
https://www.stage.boost.org/libs/dll/index.html,https://www.stage.boost.org/libs/dll/boost_dll/tutorial.html,404,site
https://www.stage.boost.org/libs/dll/index.html,https://www.stage.boost.org/libs/dll/boost_dll/tutorial.html#boost_dll.tutorial.plugin_basics,404,site
https://www.stage.boost.org/libs/dll/index.html,https://www.stage.boost.org/libs/dll/boost_dll/tutorial.html#boost_dll.tutorial.factory_method_in_plugin,404,site
https://www.stage.boost.org/libs/dll/index.html,https://www.stage.boost.org/libs/dll/boost_dll/tutorial.html#boost_dll.tutorial.searching_for_a_symbol_in_multiple_plugins,404,site
https://www.stage.boost.org/libs/dll/index.html,https://www.stage.boost.org/libs/dll/boost_dll/tutorial.html#boost_dll.tutorial.linking_plugin_into_the_executable,404,site
https://www.stage.boost.org/libs/dll/index.html,https://www.stage.boost.org/libs/dll/boost_dll/tutorial.html#boost_dll.tutorial.symbol_shadowing_problem__linux_,404,site
https://www.stage.boost.org/libs/dll/index.html,https://www.stage.boost.org/libs/dll/boost_dll/tutorial.html#boost_dll.tutorial.executing_callbacks_on_library_unload,404,site
https://www.stage.boost.org/libs/dll/index.html,https://www.stage.boost.org/libs/dll/boost_dll/tutorial.html#boost_dll.tutorial.querying_libraries_for_symbols,404,site
https://www.stage.boost.org/libs/dll/index.html,https://www.stage.boost.org/libs/dll/boost_dll/tutorial.html#boost_dll.tutorial.advanced_library_reference_counting,404,site
https://www.stage.boost.org/libs/dll/index.html,https://www.stage.boost.org/libs/dll/boost_dll/tutorial.html#boost_dll.tutorial.importing_a_c_function_from_windows_dll,404,site
https://www.stage.boost.org/libs/dll/index.html,https://www.stage.boost.org/libs/dll/boost_dll/mangled_import.html,404,site
https://www.stage.boost.org/libs/dll/index.html,https://www.stage.boost.org/libs/dll/boost_dll/mangled_import.html#boost_dll.mangled_import.support___requirements,404,site
https://www.stage.boost.org/libs/dll/index.html,https://www.stage.boost.org/libs/dll/boost_dll/mangled_import.html#boost_dll.mangled_import.mangled_import_example,404,site
https://www.stage.boost.org/libs/dll/index.html,https://www.stage.boost.org/libs/dll/boost_dll/mangled_import.html#boost_dll.mangled_import.class_import,404,site
https://www.stage.boost.org/libs/dll/index.html,https://www.stage.boost.org/libs/dll/boost_dll/mangled_import.html#boost_dll.mangled_import.overloading_qualifiers,404,site
https://www.stage.boost.org/libs/dll/index.html,https://www.stage.boost.org/libs/dll/boost_dll/missuses.html,404,site
https://www.stage.boost.org/libs/dll/index.html,https://www.stage.boost.org/libs/dll/boost_dll/reference.html,503,site
https://www.stage.boost.org/libs/dll/index.html,https://www.stage.boost.org/libs/dll/boost_dll/reference.html#shared_library_reference,404,site
https://www.stage.boost.org/libs/dll/index.html,https://www.stage.boost.org/libs/dll/boost_dll/reference.html#shared_library_refcountable_reference,404,site
https://www.stage.boost.org/libs/dll/index.html,https://www.stage.boost.org/libs/dll/boost_dll/limitations.html,503,site
https://www.stage.boost.org/libs/dll/index.html,https://www.stage.boost.org/libs/dll/boost_dll/limitations.html#boost_dll.limitations.exporting_weak_symbols__fails_on_mingw__android_,404,site
https://www.stage.boost.org/libs/dll/index.html,https://www.stage.boost.org/libs/dll/boost_dll/limitations.html#boost_dll.limitations.user_defined_section_names__fails_on_sunos___oracle_solaris_studio_compilers_,404,site
https://www.stage.boost.org/libs/dll/index.html,https://www.stage.boost.org/libs/dll/boost_dll/limitations.html#boost_dll.limitations.multithread,404,site
https://www.stage.boost.org/libs/dll/index.html,https://www.stage.boost.org/libs/dll/boost_dll/limitations.html#boost_dll.limitations.nested,404,site
https://www.stage.boost.org/libs/dll/index.html,https://www.stage.boost.org/libs/dll/boost_dll/f_a_q_.html,404,site
https://www.stage.boost.org/libs/dll/index.html,https://www.stage.boost.org/libs/dll/boost_dll/design_rationale.html,404,site
https://www.stage.boost.org/libs/dll/index.html,https://www.stage.boost.org/libs/dll/boost_dll/design_rationale.html#boost_dll.design_rationale.abi_portability_across_compilers,404,site
https://www.stage.boost.org/libs/dll/index.html,https://www.stage.boost.org/libs/dll/boost_dll/design_rationale.html#boost_dll.design_rationale.user_s_plugin_api,404,site
https://www.stage.boost.org/libs/dll/index.html,https://www.stage.boost.org/libs/dll/boost_dll/design_rationale.html#boost_dll.design_rationale.performance_and_memory_allocations,404,site
https://www.stage.boost.org/libs/dll/index.html,https://www.stage.boost.org/libs/dll/boost_dll/design_rationale.html#boost_dll.design_rationale.self_loading,404,site
https://www.stage.boost.org/libs/dll/index.html,https://www.stage.boost.org/libs/dll/boost_dll/design_rationale.html#boost_dll.design_rationale.aliases_vs_mangling,404,site
https://www.stage.boost.org/libs/dll/index.html,https://www.stage.boost.org/libs/dll/boost_dll/dependencies.html,503,site
https://www.stage.boost.org/libs/dll/index.html,https://www.stage.boost.org/libs/dll/boost_dll/revision_history.html,404,site
https://www.stage.boost.org/libs/dll/index.html,https://www.stage.boost.org/libs/dll/boost_dll/acknowledgements.html,404,site
https://www.stage.boost.org/libs/filesystem/,https://www.stage.boost.org/index.htm,404,site
https://www.stage.boost.org/libs/filesystem/,https://www.stage.boost.org/libs/filesystem/index.htm,404,site
https://www.stage.boost.org/libs/filesystem/,https://www.stage.boost.org/libs/filesystem/tutorial.html,404,site
https://www.stage.boost.org/libs/filesystem/,https://www.stage.boost.org/libs/filesystem/reference.html,404,site
https://www.stage.boost.org/libs/filesystem/,https://www.stage.boost.org/libs/filesystem/faq.htm,404,site
https://www.stage.boost.org/libs/filesystem/,https://www.stage.boost.org/libs/filesystem/release_history.html,404,site
https://www.stage.boost.org/libs/filesystem/,https://www.stage.boost.org/libs/filesystem/portability_guide.htm,404,site
https://www.stage.boost.org/libs/filesystem/,https://www.stage.boost.org/libs/filesystem/v4.html,404,site
https://www.stage.boost.org/libs/filesystem/,https://www.stage.boost.org/libs/filesystem/v3.html,404,site
https://www.stage.boost.org/libs/filesystem/,https://www.stage.boost.org/libs/filesystem/v3_design.html,404,site
https://www.stage.boost.org/libs/filesystem/,https://www.stage.boost.org/libs/filesystem/deprecated.html,404,site
https://www.stage.boost.org/libs/filesystem/,https://www.stage.boost.org/libs/filesystem/issue_reporting.html,404,site
https://www.stage.boost.org/libs/filesystem/,https://www.stage.boost.org/libs/filesystem/design.htm,404,site
https://www.stage.boost.org/libs/filesystem/,https://www.stage.boost.org/libs/filesystem/do_list.html,404,site
https://www.stage.boost.org/libs/filesystem/,https://www.stage.boost.org/libs/filesystem/reference.html#Race-condition,404,site
https://www.stage.boost.org/libs/filesystem/,https://www.stage.boost.org/libs/filesystem/reference.html#basic_filesystem_error-constructors,404,site
https://www.stage.boost.org/libs/filesystem/,https://www.stage.boost.org/libs/filesystem/reference.html#Operational-functions,404,site
https://www.stage.boost.org/libs/filesystem/,https://www.stage.boost.org/boost/filesystem.hpp,404,site
https://www.stage.boost.org/libs/filesystem/,https://www.stage.boost.org/boost/filesystem/fstream.hpp,404,site
https://www.stage.boost.org/libs/filesystem/,https://www.stage.boost.org/more/getting_started.html,404,site
https://www.stage.boost.org/libs/filesystem/,https://www.stage.boost.org/libs/build/Jamfile.v2,404,site
https://www.stage.boost.org/libs/filesystem/,https://www.stage.boost.org/libs/src,404,site
https://www.stage.boost.org/libs/filesystem/,https://www.stage.boost.org/libs/filesystem/design.htm#Requirements,404,site
https://www.stage.boost.org/libs/filesystem/,https://www.stage.boost.org/libs/filesystem/design.htm#Realities,404,site
https://www.stage.boost.org/libs/geometry/,https://www.stage.boost.org/libs/geometry/geometry/introduction.html,404,site
https://www.stage.boost.org/libs/geometry/,https://www.stage.boost.org/libs/geometry/geometry/compilation.html,404,site
https://www.stage.boost.org/libs/geometry/,https://www.stage.boost.org/libs/geometry/geometry/design.html,404,site
https://www.stage.boost.org/libs/geometry/,https://www.stage.boost.org/libs/geometry/geometry/quickstart.html,404,site
https://www.stage.boost.org/libs/geometry/,https://www.stage.boost.org/libs/geometry/geometry/spatial_indexes.html,404,site
https://www.stage.boost.org/libs/geometry/,https://www.stage.boost.org/libs/geometry/geometry/spatial_indexes/introduction.html,404,site
https://www.stage.boost.org/libs/geometry/,https://www.stage.boost.org/libs/geometry/geometry/spatial_indexes/rtree_quickstart.html,404,site
https://www.stage.boost.org/libs/geometry/,https://www.stage.boost.org/libs/geometry/geometry/spatial_indexes/creation_and_modification.html,404,site
https://www.stage.boost.org/libs/geometry/,https://www.stage.boost.org/libs/geometry/geometry/spatial_indexes/queries.html,404,site
https://www.stage.boost.org/libs/geometry/,https://www.stage.boost.org/libs/geometry/geometry/spatial_indexes/rtree_examples.html,404,site
https://www.stage.boost.org/libs/geometry/,https://www.stage.boost.org/libs/geometry/geometry/reference.html,404,site
https://www.stage.boost.org/libs/geometry/,https://www.stage.boost.org/libs/geometry/geometry/reference/access.html,404,site
https://www.stage.boost.org/libs/geometry/,https://www.stage.boost.org/libs/geometry/geometry/reference/adapted.html,404,site
https://www.stage.boost.org/libs/geometry/,https://www.stage.boost.org/libs/geometry/geometry/reference/algorithms.html,404,site
https://www.stage.boost.org/libs/geometry/,https://www.stage.boost.org/libs/geometry/geometry/reference/arithmetic.html,404,site
https://www.stage.boost.org/libs/geometry/,https://www.stage.boost.org/libs/geometry/geometry/reference/concepts.html,404,site
https://www.stage.boost.org/libs/geometry/,https://www.stage.boost.org/libs/geometry/geometry/reference/constants.html,404,site
https://www.stage.boost.org/libs/geometry/,https://www.stage.boost.org/libs/geometry/geometry/reference/cs.html,404,site
https://www.stage.boost.org/libs/geometry/,https://www.stage.boost.org/libs/geometry/geometry/reference/core.html,404,site
https://www.stage.boost.org/libs/geometry/,https://www.stage.boost.org/libs/geometry/geometry/reference/de9im.html,404,site
https://www.stage.boost.org/libs/geometry/,https://www.stage.boost.org/libs/geometry/geometry/reference/enumerations.html,404,site
https://www.stage.boost.org/libs/geometry/,https://www.stage.boost.org/libs/geometry/geometry/reference/exceptions.html,404,site
https://www.stage.boost.org/libs/geometry/,https://www.stage.boost.org/libs/geometry/geometry/reference/io.html,404,site
https://www.stage.boost.org/libs/geometry/,https://www.stage.boost.org/libs/geometry/geometry/reference/iterators.html,404,site
https://www.stage.boost.org/libs/geometry/,https://www.stage.boost.org/libs/geometry/geometry/reference/models.html,404,site
https://www.stage.boost.org/libs/geometry/,https://www.stage.boost.org/libs/geometry/geometry/reference/spatial_indexes.html,404,site
https://www.stage.boost.org/libs/geometry/,https://www.stage.boost.org/libs/geometry/geometry/reference/srs.html,404,site
https://www.stage.boost.org/libs/geometry/,https://www.stage.boost.org/libs/geometry/geometry/reference/strategies.html,404,site
https://www.stage.boost.org/libs/geometry/,https://www.stage.boost.org/libs/geometry/geometry/reference/views.html,404,site
https://www.stage.boost.org/libs/geometry/,https://www.stage.boost.org/libs/geometry/geometry/matrix.html,404,site
https://www.stage.boost.org/libs/geometry/,https://www.stage.boost.org/libs/geometry/geometry/reference_alphabetical_index.html,404,site
https://www.stage.boost.org/libs/geometry/,https://www.stage.boost.org/libs/geometry/geometry/examples.html,404,site
https://www.stage.boost.org/libs/geometry/,https://www.stage.boost.org/libs/geometry/geometry/examples/example__adapting_a_legacy_geometry_object_model.html,404,site
https://www.stage.boost.org/libs/geometry/,https://www.stage.boost.org/libs/geometry/geometry/examples/example_source_code__adapting_a_legacy_geometry_object_model.html,404,site
https://www.stage.boost.org/libs/geometry/,https://www.stage.boost.org/libs/geometry/geometry/release_notes.html,404,site
https://www.stage.boost.org/libs/geometry/,https://www.stage.boost.org/libs/geometry/geometry/acknowledgments.html,404,site
https://www.stage.boost.org/libs/iterator/,https://www.stage.boost.org/libs/iterator/new-iter-concepts.html,404,site
https://www.stage.boost.org/libs/iterator/,https://www.stage.boost.org/libs/iterator/new-iter-concepts.pdf,404,site
https://www.stage.boost.org/libs/iterator/,https://www.stage.boost.org/libs/iterator/iterator_facade.html,404,site
https://www.stage.boost.org/libs/iterator/,https://www.stage.boost.org/libs/iterator/iterator_facade.pdf,404,site
https://www.stage.boost.org/libs/iterator/,https://www.stage.boost.org/libs/iterator/iterator_adaptor.html,404,site
https://www.stage.boost.org/libs/iterator/,https://www.stage.boost.org/libs/iterator/iterator_adaptor.pdf,404,site
https://www.stage.boost.org/libs/iterator/,https://www.stage.boost.org/libs/iterator/facade-and-adaptor.html,404,site
https://www.stage.boost.org/libs/iterator/,https://www.stage.boost.org/libs/iterator/facade-and-adaptor.pdf,404,site
https://www.stage.boost.org/libs/iterator/,https://www.stage.boost.org/libs/iterator/counting_iterator.html,404,site
https://www.stage.boost.org/libs/iterator/,https://www.stage.boost.org/libs/iterator/counting_iterator.pdf,404,site
https://www.stage.boost.org/libs/iterator/,https://www.stage.boost.org/libs/iterator/filter_iterator.html,404,site
https://www.stage.boost.org/libs/iterator/,https://www.stage.boost.org/libs/iterator/filter_iterator.pdf,404,site
https://www.stage.boost.org/libs/iterator/,https://www.stage.boost.org/libs/iterator/function_input_iterator.html,404,site
https://www.stage.boost.org/libs/iterator/,https://www.stage.boost.org/libs/iterator/function_input_iterator.pdf,404,site
https://www.stage.boost.org/libs/iterator/,https://www.stage.boost.org/libs/iterator/function_output_iterator.html,404,site
https://www.stage.boost.org/libs/iterator/,https://www.stage.boost.org/libs/iterator/function_output_iterator.pdf,404,site
https://www.stage.boost.org/libs/iterator/,https://www.stage.boost.org/libs/iterator/generator_iterator.htm,404,site
https://www.stage.boost.org/libs/iterator/,https://www.stage.boost.org/libs/iterator/indirect_iterator.html,404,site
https://www.stage.boost.org/libs/iterator/,https://www.stage.boost.org/libs/iterator/indirect_iterator.pdf,404,site
https://www.stage.boost.org/libs/iterator/,https://www.stage.boost.org/libs/iterator/permutation_iterator.html,404,site
https://www.stage.boost.org/libs/iterator/,https://www.stage.boost.org/libs/iterator/permutation_iterator.pdf,404,site
https://www.stage.boost.org/libs/iterator/,https://www.stage.boost.org/libs/iterator/reverse_iterator.html,404,site
https://www.stage.boost.org/libs/iterator/,https://www.stage.boost.org/libs/iterator/reverse_iterator.pdf,404,site
https://www.stage.boost.org/libs/iterator/,https://www.stage.boost.org/utility/shared_container_iterator.html,404,site
https://www.stage.boost.org/libs/iterator/,https://www.stage.boost.org/libs/iterator/transform_iterator.html,404,site
https://www.stage.boost.org/libs/iterator/,https://www.stage.boost.org/libs/iterator/transform_iterator.pdf,404,site
https://www.stage.boost.org/libs/iterator/,https://www.stage.boost.org/libs/iterator/zip_iterator.html,404,site
https://www.stage.boost.org/libs/iterator/,https://www.stage.boost.org/libs/iterator/zip_iterator.pdf,404,site
https://www.stage.boost.org/libs/iterator/,https://www.stage.boost.org/libs/iterator/pointee.html,404,site
https://www.stage.boost.org/libs/iterator/,https://www.stage.boost.org/libs/iterator/pointee.pdf,404,site
https://www.stage.boost.org/libs/iterator/,https://www.stage.boost.org/libs/iterator/iterator_traits.html,404,site
https://www.stage.boost.org/libs/iterator/,https://www.stage.boost.org/libs/iterator/iterator_traits.pdf,404,site
https://www.stage.boost.org/libs/iterator/,https://www.stage.boost.org/mpl/doc/index.html,404,site
https://www.stage.boost.org/libs/iterator/,https://www.stage.boost.org/libs/iterator/iterator_concepts.html,404,site
https://www.stage.boost.org/libs/iterator/,https://www.stage.boost.org/libs/iterator/iterator_concepts.pdf,404,site
https://www.stage.boost.org/libs/iterator/,https://www.stage.boost.org/libs/iterator/iterator_archetypes.html,404,site
https://www.stage.boost.org/libs/iterator/,https://www.stage.boost.org/libs/iterator/iterator_archetypes.pdf,404,site
https://www.stage.boost.org/libs/iterator/,https://www.stage.boost.org/libs/iterator/index.rst,404,site
https://www.stage.boost.org/libs/json/,https://www.stage.boost.org/libs/json/quick_look.html,404,site
https://www.stage.boost.org/libs/json/,https://www.stage.boost.org/libs/json/dom.html,404,site
https://www.stage.boost.org/libs/json/,https://www.stage.boost.org/libs/json/dom/value.html,404,site
https://www.stage.boost.org/libs/json/,https://www.stage.boost.org/libs/json/dom/string.html,404,site
https://www.stage.boost.org/libs/json/,https://www.stage.boost.org/libs/json/dom/array.html,404,site
https://www.stage.boost.org/libs/json/,https://www.stage.boost.org/libs/json/dom/object.html,404,site
https://www.stage.boost.org/libs/json/,https://www.stage.boost.org/libs/json/dom/numbers.html,404,site
https://www.stage.boost.org/libs/json/,https://www.stage.boost.org/libs/json/dom/initializer_lists.html,404,site
https://www.stage.boost.org/libs/json/,https://www.stage.boost.org/libs/json/dom/nested_access.html,404,site
https://www.stage.boost.org/libs/json/,https://www.stage.boost.org/libs/json/allocators.html,404,site
https://www.stage.boost.org/libs/json/,https://www.stage.boost.org/libs/json/allocators/background.html,404,site
https://www.stage.boost.org/libs/json/,https://www.stage.boost.org/libs/json/allocators/storage_ptr.html,404,site
https://www.stage.boost.org/libs/json/,https://www.stage.boost.org/libs/json/allocators/uses_allocator.html,404,site
https://www.stage.boost.org/libs/json/,https://www.stage.boost.org/libs/json/input_output.html,404,site
https://www.stage.boost.org/libs/json/,https://www.stage.boost.org/libs/json/input_output.html#parsing,404,site
https://www.stage.boost.org/libs/json/,https://www.stage.boost.org/libs/json/input_output/serializing.html,404,site
https://www.stage.boost.org/libs/json/,https://www.stage.boost.org/libs/json/conversion.html,404,site
https://www.stage.boost.org/libs/json/,https://www.stage.boost.org/libs/json/conversion/custom_conversions.html,404,site
https://www.stage.boost.org/libs/json/,https://www.stage.boost.org/libs/json/conversion/non_throwing_conversions.html,404,site
https://www.stage.boost.org/libs/json/,https://www.stage.boost.org/libs/json/conversion/allocation_control.html,404,site
https://www.stage.boost.org/libs/json/,https://www.stage.boost.org/libs/json/conversion/contextual_conversions.html,404,site
https://www.stage.boost.org/libs/json/,https://www.stage.boost.org/libs/json/conversion/avoiding_physical_dependency.html,404,site
https://www.stage.boost.org/libs/json/,https://www.stage.boost.org/libs/json/conversion/direct_conversion.html,404,site
https://www.stage.boost.org/libs/json/,https://www.stage.boost.org/libs/json/conversion/customization_guidelines.html,404,site
https://www.stage.boost.org/libs/json/,https://www.stage.boost.org/libs/json/examples.html,404,site
https://www.stage.boost.org/libs/json/,https://www.stage.boost.org/libs/json/examples.html#pretty,404,site
https://www.stage.boost.org/libs/json/,https://www.stage.boost.org/libs/json/examples.html#examples_validate,404,site
https://www.stage.boost.org/libs/json/,https://www.stage.boost.org/libs/json/examples.html#allocator_aware_conversion,404,site
https://www.stage.boost.org/libs/json/,https://www.stage.boost.org/libs/json/examples.html#cbor,404,site
https://www.stage.boost.org/libs/json/,https://www.stage.boost.org/libs/json/frequently_asked_questions.html,404,site
https://www.stage.boost.org/libs/json/,https://www.stage.boost.org/libs/json/benchmarks.html,404,site
https://www.stage.boost.org/libs/json/,https://www.stage.boost.org/libs/json/comparison.html,404,site
https://www.stage.boost.org/libs/json/,https://www.stage.boost.org/libs/json/ref.html,404,site
https://www.stage.boost.org/libs/json/,https://www.stage.boost.org/libs/json/release_notes.html,404,site
https://www.stage.boost.org/libs/log/,https://www.stage.boost.org/libs/log/log/installation.html,404,site
https://www.stage.boost.org/libs/log/index.html#log.intro.defs,https://www.stage.boost.org/libs/log/log/installation.html#log.installation.supported_compilers,404,site
https://www.stage.boost.org/libs/log/index.html#log.intro.defs,https://www.stage.boost.org/libs/log/log/installation/config.html,404,site
https://www.stage.boost.org/libs/log/index.html#log.intro.defs,https://www.stage.boost.org/libs/log/log/design.html,404,site
https://www.stage.boost.org/libs/log/index.html#log.intro.defs,https://www.stage.boost.org/libs/log/log/tutorial.html,404,site
https://www.stage.boost.org/libs/log/index.html#log.intro.defs,https://www.stage.boost.org/libs/log/log/tutorial.html#log.tutorial.trivial,404,site
https://www.stage.boost.org/libs/log/index.html#log.intro.defs,https://www.stage.boost.org/libs/log/log/tutorial/trivial_filtering.html,404,site
https://www.stage.boost.org/libs/log/index.html#log.intro.defs,https://www.stage.boost.org/libs/log/log/tutorial/sinks.html,404,site
https://www.stage.boost.org/libs/log/index.html#log.intro.defs,https://www.stage.boost.org/libs/log/log/tutorial/sources.html,404,site
https://www.stage.boost.org/libs/log/index.html#log.intro.defs,https://www.stage.boost.org/libs/log/log/tutorial/attributes.html,404,site
https://www.stage.boost.org/libs/log/index.html#log.intro.defs,https://www.stage.boost.org/libs/log/log/tutorial/formatters.html,404,site
https://www.stage.boost.org/libs/log/index.html#log.intro.defs,https://www.stage.boost.org/libs/log/log/tutorial/advanced_filtering.html,404,site
https://www.stage.boost.org/libs/log/index.html#log.intro.defs,https://www.stage.boost.org/libs/log/log/tutorial/wide_char.html,404,site
https://www.stage.boost.org/libs/log/index.html#log.intro.defs,https://www.stage.boost.org/libs/log/log/detailed.html,404,site
https://www.stage.boost.org/libs/log/index.html#log.intro.defs,https://www.stage.boost.org/libs/log/log/detailed.html#log.detailed.core,404,site
https://www.stage.boost.org/libs/log/index.html#log.intro.defs,https://www.stage.boost.org/libs/log/log/detailed/sources.html,404,site
https://www.stage.boost.org/libs/log/index.html#log.intro.defs,https://www.stage.boost.org/libs/log/log/detailed/sink_frontends.html,404,site
https://www.stage.boost.org/libs/log/index.html#log.intro.defs,https://www.stage.boost.org/libs/log/log/detailed/sink_backends.html,404,site
https://www.stage.boost.org/libs/log/index.html#log.intro.defs,https://www.stage.boost.org/libs/log/log/detailed/expressions.html,404,site
https://www.stage.boost.org/libs/log/index.html#log.intro.defs,https://www.stage.boost.org/libs/log/log/detailed/attributes.html,404,site
https://www.stage.boost.org/libs/log/index.html#log.intro.defs,https://www.stage.boost.org/libs/log/log/detailed/utilities.html,404,site
https://www.stage.boost.org/libs/log/index.html#log.intro.defs,https://www.stage.boost.org/libs/log/log/extension.html,404,site
https://www.stage.boost.org/libs/log/index.html#log.intro.defs,https://www.stage.boost.org/libs/log/log/extension.html#log.extension.sinks,404,site
https://www.stage.boost.org/libs/log/index.html#log.intro.defs,https://www.stage.boost.org/libs/log/log/extension/sources.html,404,site
https://www.stage.boost.org/libs/log/index.html#log.intro.defs,https://www.stage.boost.org/libs/log/log/extension/attributes.html,404,site
https://www.stage.boost.org/libs/log/index.html#log.intro.defs,https://www.stage.boost.org/libs/log/log/extension/settings.html,404,site
https://www.stage.boost.org/libs/log/index.html#log.intro.defs,https://www.stage.boost.org/libs/log/log/rationale.html,404,site
https://www.stage.boost.org/libs/log/index.html#log.intro.defs,https://www.stage.boost.org/libs/log/log/rationale.html#log.rationale.why_str_lit,404,site
https://www.stage.boost.org/libs/log/index.html#log.intro.defs,https://www.stage.boost.org/libs/log/log/rationale/why_weak_scoped_attributes.html,404,site
https://www.stage.boost.org/libs/log/index.html#log.intro.defs,https://www.stage.boost.org/libs/log/log/rationale/why_weak_record_ordering.html,404,site
https://www.stage.boost.org/libs/log/index.html#log.intro.defs,https://www.stage.boost.org/libs/log/log/rationale/why_attribute_manips_dont_affect_filters.html,404,site
https://www.stage.boost.org/libs/log/index.html#log.intro.defs,https://www.stage.boost.org/libs/log/log/rationale/why_not_lazy_streaming.html,404,site
https://www.stage.boost.org/libs/log/index.html#log.intro.defs,https://www.stage.boost.org/libs/log/log/rationale/why_not_log4j.html,404,site
https://www.stage.boost.org/libs/log/index.html#log.intro.defs,https://www.stage.boost.org/libs/log/log/rationale/fork_support.html,404,site
https://www.stage.boost.org/libs/log/index.html#log.intro.defs,https://www.stage.boost.org/libs/log/log/rationale/init_term_support.html,404,site
https://www.stage.boost.org/libs/log/index.html#log.intro.defs,https://www.stage.boost.org/libs/log/log/rationale/why_crash_on_term.html,404,site
https://www.stage.boost.org/libs/log/index.html#log.intro.defs,https://www.stage.boost.org/libs/log/log/rationale/namespace_mangling.html,404,site
https://www.stage.boost.org/libs/log/index.html#log.intro.defs,https://www.stage.boost.org/libs/log/log/rationale/msvc_link_fails_lnk1123.html,404,site
https://www.stage.boost.org/libs/log/index.html#log.intro.defs,https://www.stage.boost.org/libs/log/log/rationale/how_to_use_in_libraries.html,404,site
https://www.stage.boost.org/libs/log/index.html#log.intro.defs,https://www.stage.boost.org/libs/log/log/reference.html,404,site
https://www.stage.boost.org/libs/log/index.html#log.intro.defs,https://www.stage.boost.org/libs/log/log/reference.html#top_level_headers,404,site
https://www.stage.boost.org/libs/log/index.html#log.intro.defs,https://www.stage.boost.org/libs/log/core_components.html,404,site
https://www.stage.boost.org/libs/log/index.html#log.intro.defs,https://www.stage.boost.org/libs/log/attributes.html,404,site
https://www.stage.boost.org/libs/log/index.html#log.intro.defs,https://www.stage.boost.org/libs/log/expressions.html,404,site
https://www.stage.boost.org/libs/log/index.html#log.intro.defs,https://www.stage.boost.org/libs/log/logging_sources.html,404,site
https://www.stage.boost.org/libs/log/index.html#log.intro.defs,https://www.stage.boost.org/libs/log/sinks.html,404,site
https://www.stage.boost.org/libs/log/index.html#log.intro.defs,https://www.stage.boost.org/libs/log/utilities.html,404,site
https://www.stage.boost.org/libs/log/index.html#log.intro.defs,https://www.stage.boost.org/libs/log/other_libraries_support_layer.html,404,site
https://www.stage.boost.org/libs/log/index.html#log.intro.defs,https://www.stage.boost.org/libs/log/log/changelog.html,404,site
https://www.stage.boost.org/libs/log/index.html#log.intro.defs,https://www.stage.boost.org/libs/log/log/todo.html,404,site
https://www.stage.boost.org/libs/log/index.html#log.intro.defs,https://www.stage.boost.org/libs/log/log/acknowledgments.html,404,site
https://www.stage.boost.org/libs/math/,https://www.stage.boost.org/libs/math/overview.html,404,site
https://www.stage.boost.org/libs/math/,https://www.stage.boost.org/libs/math/utils.html,404,site
https://www.stage.boost.org/libs/math/,https://www.stage.boost.org/libs/math/cstdfloat.html,404,site
https://www.stage.boost.org/libs/math/,https://www.stage.boost.org/libs/math/constants.html,404,site
https://www.stage.boost.org/libs/math/,https://www.stage.boost.org/libs/math/dist.html,404,site
https://www.stage.boost.org/libs/math/,https://www.stage.boost.org/libs/math/statistics.html,404,site
https://www.stage.boost.org/libs/math/,https://www.stage.boost.org/libs/math/vector_functionals.html,404,site
https://www.stage.boost.org/libs/math/,https://www.stage.boost.org/libs/math/special.html,404,site
https://www.stage.boost.org/libs/math/,https://www.stage.boost.org/libs/math/extern_c.html,404,site
https://www.stage.boost.org/libs/math/,https://www.stage.boost.org/libs/math/root_finding.html,404,site
https://www.stage.boost.org/libs/math/,https://www.stage.boost.org/libs/math/optimization.html,404,site
https://www.stage.boost.org/libs/math/,https://www.stage.boost.org/libs/math/poly.html,404,site
https://www.stage.boost.org/libs/math/,https://www.stage.boost.org/libs/math/interpolation.html,404,site
https://www.stage.boost.org/libs/math/,https://www.stage.boost.org/libs/math/quadrature.html,404,site
https://www.stage.boost.org/libs/math/,https://www.stage.boost.org/libs/math/filters.html,404,site
https://www.stage.boost.org/libs/math/,https://www.stage.boost.org/libs/math/inverse_complex.html,404,site
https://www.stage.boost.org/libs/math/,https://www.stage.boost.org/libs/math/quaternions.html,404,site
https://www.stage.boost.org/libs/math/,https://www.stage.boost.org/libs/math/octonions.html,404,site
https://www.stage.boost.org/libs/math/,https://www.stage.boost.org/libs/math/gcd_lcm.html,404,site
https://www.stage.boost.org/libs/math/,https://www.stage.boost.org/libs/math/internals.html,404,site
https://www.stage.boost.org/libs/math/,https://www.stage.boost.org/libs/math/using_udt.html,404,site
https://www.stage.boost.org/libs/math/,https://www.stage.boost.org/libs/math/policy.html,404,site
https://www.stage.boost.org/libs/math/,https://www.stage.boost.org/libs/math/perf.html,404,site
https://www.stage.boost.org/libs/math/,https://www.stage.boost.org/libs/math/backgrounders.html,404,site
https://www.stage.boost.org/libs/math/,https://www.stage.boost.org/libs/math/status.html,404,site
https://www.stage.boost.org/libs/math/,https://www.stage.boost.org/libs/math/indexes.html,404,site
https://www.stage.boost.org/libs/mqtt5/,https://www.stage.boost.org/libs/mqtt5/mqtt5/intro.html,404,site
https://www.stage.boost.org/libs/mqtt5/,https://www.stage.boost.org/libs/mqtt5/mqtt5/getting_started.html,404,site
https://www.stage.boost.org/libs/mqtt5/,https://www.stage.boost.org/libs/mqtt5/mqtt5/getting_started.html#mqtt5.getting_started.transport_protocol,404,site
https://www.stage.boost.org/libs/mqtt5/,https://www.stage.boost.org/libs/mqtt5/mqtt5/getting_started.html#mqtt5.getting_started.configuration,404,site
https://www.stage.boost.org/libs/mqtt5/,https://www.stage.boost.org/libs/mqtt5/mqtt5/getting_started.html#mqtt5.getting_started.establishing_a_connection,404,site
https://www.stage.boost.org/libs/mqtt5/,https://www.stage.boost.org/libs/mqtt5/mqtt5/getting_started.html#mqtt5.getting_started.using_the_client,404,site
https://www.stage.boost.org/libs/mqtt5/,https://www.stage.boost.org/libs/mqtt5/mqtt5/getting_started.html#mqtt5.getting_started.debugging,404,site
https://www.stage.boost.org/libs/mqtt5/,https://www.stage.boost.org/libs/mqtt5/mqtt5/auto_reconnect.html,404,site
https://www.stage.boost.org/libs/mqtt5/,https://www.stage.boost.org/libs/mqtt5/mqtt5/auto_reconnect.html#mqtt5.auto_reconnect.sentry,404,site
https://www.stage.boost.org/libs/mqtt5/,https://www.stage.boost.org/libs/mqtt5/mqtt5/auto_reconnect.html#mqtt5.auto_reconnect.cons,404,site
https://www.stage.boost.org/libs/mqtt5/,https://www.stage.boost.org/libs/mqtt5/mqtt5/connection_maintenance.html,404,site
https://www.stage.boost.org/libs/mqtt5/,https://www.stage.boost.org/libs/mqtt5/mqtt5/connection_maintenance.html#mqtt5.connection_maintenance.keep_alive,404,site
https://www.stage.boost.org/libs/mqtt5/,https://www.stage.boost.org/libs/mqtt5/mqtt5/connection_maintenance.html#mqtt5.connection_maintenance.half_open_connections,404,site
https://www.stage.boost.org/libs/mqtt5/,https://www.stage.boost.org/libs/mqtt5/mqtt5/optimising_communication.html,404,site
https://www.stage.boost.org/libs/mqtt5/,https://www.stage.boost.org/libs/mqtt5/mqtt5/optimising_communication.html#mqtt5.optimising_communication.multiflight,404,site
https://www.stage.boost.org/libs/mqtt5/,https://www.stage.boost.org/libs/mqtt5/mqtt5/optimising_communication.html#mqtt5.optimising_communication.packet_queuing,404,site
https://www.stage.boost.org/libs/mqtt5/,https://www.stage.boost.org/libs/mqtt5/mqtt5/optimising_communication.html#mqtt5.optimising_communication.packet_ordering,404,site
https://www.stage.boost.org/libs/mqtt5/,https://www.stage.boost.org/libs/mqtt5/mqtt5/disconnecting_the_client.html,404,site
https://www.stage.boost.org/libs/mqtt5/,https://www.stage.boost.org/libs/mqtt5/mqtt5/disconnecting_the_client.html#mqtt5.disconnecting_the_client.reusing_the_client,404,site
https://www.stage.boost.org/libs/mqtt5/,https://www.stage.boost.org/libs/mqtt5/mqtt5/asio_compliance.html,404,site
https://www.stage.boost.org/libs/mqtt5/,https://www.stage.boost.org/libs/mqtt5/mqtt5/asio_compliance/allocators.html,404,site
https://www.stage.boost.org/libs/mqtt5/,https://www.stage.boost.org/libs/mqtt5/mqtt5/asio_compliance/per_op_cancellation.html,404,site
https://www.stage.boost.org/libs/mqtt5/,https://www.stage.boost.org/libs/mqtt5/mqtt5/asio_compliance/executors.html,404,site
https://www.stage.boost.org/libs/mqtt5/,https://www.stage.boost.org/libs/mqtt5/mqtt5/multithreading.html,404,site
https://www.stage.boost.org/libs/mqtt5/,https://www.stage.boost.org/libs/mqtt5/mqtt5/multithreading.html#mqtt5.multithreading.thread_safety,404,site
https://www.stage.boost.org/libs/mqtt5/,https://www.stage.boost.org/libs/mqtt5/mqtt5/multithreading.html#mqtt5.multithreading.executors_threads_strands,404,site
https://www.stage.boost.org/libs/mqtt5/,https://www.stage.boost.org/libs/mqtt5/mqtt5/multithreading.html#mqtt5.multithreading.thread_safe_code,404,site
https://www.stage.boost.org/libs/mqtt5/,https://www.stage.boost.org/libs/mqtt5/mqtt5/examples.html,404,site
https://www.stage.boost.org/libs/mqtt5/,https://www.stage.boost.org/libs/mqtt5/mqtt5/ref.html,404,site
https://www.stage.boost.org/libs/multiprecision/,https://www.stage.boost.org/libs/multiprecision/boost_multiprecision/intro.html,404,site
https://www.stage.boost.org/libs/multiprecision/,https://www.stage.boost.org/libs/multiprecision/boost_multiprecision/tut.html,404,site
https://www.stage.boost.org/libs/multiprecision/,https://www.stage.boost.org/libs/multiprecision/boost_multiprecision/tut/ints.html,404,site
https://www.stage.boost.org/libs/multiprecision/,https://www.stage.boost.org/libs/multiprecision/boost_multiprecision/tut/ints/cpp_int.html,404,site
https://www.stage.boost.org/libs/multiprecision/,https://www.stage.boost.org/libs/multiprecision/boost_multiprecision/tut/ints/gmp_int.html,404,site
https://www.stage.boost.org/libs/multiprecision/,https://www.stage.boost.org/libs/multiprecision/boost_multiprecision/tut/ints/tom_int.html,404,site
https://www.stage.boost.org/libs/multiprecision/,https://www.stage.boost.org/libs/multiprecision/boost_multiprecision/tut/ints/egs.html,404,site
https://www.stage.boost.org/libs/multiprecision/,https://www.stage.boost.org/libs/multiprecision/boost_multiprecision/tut/ints/egs/factorials.html,404,site
https://www.stage.boost.org/libs/multiprecision/,https://www.stage.boost.org/libs/multiprecision/boost_multiprecision/tut/ints/egs/bitops.html,404,site
https://www.stage.boost.org/libs/multiprecision/,https://www.stage.boost.org/libs/multiprecision/boost_multiprecision/tut/floats.html,404,site
https://www.stage.boost.org/libs/multiprecision/,https://www.stage.boost.org/libs/multiprecision/boost_multiprecision/tut/floats/cpp_bin_float.html,404,site
https://www.stage.boost.org/libs/multiprecision/,https://www.stage.boost.org/libs/multiprecision/boost_multiprecision/tut/floats/cpp_dec_float.html,404,site
https://www.stage.boost.org/libs/multiprecision/,https://www.stage.boost.org/libs/multiprecision/boost_multiprecision/tut/floats/gmp_float.html,404,site
https://www.stage.boost.org/libs/multiprecision/,https://www.stage.boost.org/libs/multiprecision/boost_multiprecision/tut/floats/mpfr_float.html,404,site
https://www.stage.boost.org/libs/multiprecision/,https://www.stage.boost.org/libs/multiprecision/boost_multiprecision/tut/floats/float128.html,404,site
https://www.stage.boost.org/libs/multiprecision/,https://www.stage.boost.org/libs/multiprecision/boost_multiprecision/tut/floats/cpp_double_fp_backend.html,404,site
https://www.stage.boost.org/libs/multiprecision/,https://www.stage.boost.org/libs/multiprecision/boost_multiprecision/tut/floats/fp_eg.html,404,site
https://www.stage.boost.org/libs/multiprecision/,https://www.stage.boost.org/libs/multiprecision/boost_multiprecision/tut/floats/fp_eg/floatbuiltinctor.html,404,site
https://www.stage.boost.org/libs/multiprecision/,https://www.stage.boost.org/libs/multiprecision/boost_multiprecision/tut/floats/fp_eg/aos.html,404,site
https://www.stage.boost.org/libs/multiprecision/,https://www.stage.boost.org/libs/multiprecision/boost_multiprecision/tut/floats/fp_eg/caveats.html,404,site
https://www.stage.boost.org/libs/multiprecision/,https://www.stage.boost.org/libs/multiprecision/boost_multiprecision/tut/floats/fp_eg/jel.html,404,site
https://www.stage.boost.org/libs/multiprecision/,https://www.stage.boost.org/libs/multiprecision/boost_multiprecision/tut/floats/fp_eg/nd.html,404,site
https://www.stage.boost.org/libs/multiprecision/,https://www.stage.boost.org/libs/multiprecision/boost_multiprecision/tut/floats/fp_eg/gi.html,404,site
https://www.stage.boost.org/libs/multiprecision/,https://www.stage.boost.org/libs/multiprecision/boost_multiprecision/tut/floats/fp_eg/poly_eg.html,404,site
https://www.stage.boost.org/libs/multiprecision/,https://www.stage.boost.org/libs/multiprecision/boost_multiprecision/tut/floats/fp_eg/variable_precision.html,404,site
https://www.stage.boost.org/libs/multiprecision/,https://www.stage.boost.org/libs/multiprecision/boost_multiprecision/tut/floats/fp_eg/gauss_lagerre_quadrature.html,404,site
https://www.stage.boost.org/libs/multiprecision/,https://www.stage.boost.org/libs/multiprecision/boost_multiprecision/tut/interval.html,404,site
https://www.stage.boost.org/libs/multiprecision/,https://www.stage.boost.org/libs/multiprecision/boost_multiprecision/tut/interval/mpfi.html,404,site
https://www.stage.boost.org/libs/multiprecision/,https://www.stage.boost.org/libs/multiprecision/boost_multiprecision/tut/complex.html,404,site
https://www.stage.boost.org/libs/multiprecision/,https://www.stage.boost.org/libs/multiprecision/boost_multiprecision/tut/complex/cpp_complex.html,404,site
https://www.stage.boost.org/libs/multiprecision/,https://www.stage.boost.org/libs/multiprecision/boost_multiprecision/tut/complex/mpc_complex.html,404,site
https://www.stage.boost.org/libs/multiprecision/,https://www.stage.boost.org/libs/multiprecision/boost_multiprecision/tut/complex/complex128.html,404,site
https://www.stage.boost.org/libs/multiprecision/,https://www.stage.boost.org/libs/multiprecision/boost_multiprecision/tut/complex/complex_adaptor.html,404,site
https://www.stage.boost.org/libs/multiprecision/,https://www.stage.boost.org/libs/multiprecision/boost_multiprecision/tut/rational.html,404,site
https://www.stage.boost.org/libs/multiprecision/,https://www.stage.boost.org/libs/multiprecision/boost_multiprecision/tut/rational/cpp_rational.html,404,site
https://www.stage.boost.org/libs/multiprecision/,https://www.stage.boost.org/libs/multiprecision/boost_multiprecision/tut/rational/gmp_rational.html,404,site
https://www.stage.boost.org/libs/multiprecision/,https://www.stage.boost.org/libs/multiprecision/boost_multiprecision/tut/rational/tommath_rational.html,404,site
https://www.stage.boost.org/libs/multiprecision/,https://www.stage.boost.org/libs/multiprecision/boost_multiprecision/tut/rational/tommath_rational0.html,404,site
https://www.stage.boost.org/libs/multiprecision/,https://www.stage.boost.org/libs/multiprecision/boost_multiprecision/tut/rational/rational_adaptor.html,404,site
https://www.stage.boost.org/libs/multiprecision/,https://www.stage.boost.org/libs/multiprecision/boost_multiprecision/tut/misc.html,404,site
https://www.stage.boost.org/libs/multiprecision/,https://www.stage.boost.org/libs/multiprecision/boost_multiprecision/tut/misc/logged_adaptor.html,404,site
https://www.stage.boost.org/libs/multiprecision/,https://www.stage.boost.org/libs/multiprecision/boost_multiprecision/tut/misc/debug_adaptor.html,404,site
https://www.stage.boost.org/libs/multiprecision/,https://www.stage.boost.org/libs/multiprecision/boost_multiprecision/tut/misc/visualizers.html,404,site
https://www.stage.boost.org/libs/multiprecision/,https://www.stage.boost.org/libs/multiprecision/boost_multiprecision/tut/fwd.html,404,site
https://www.stage.boost.org/libs/multiprecision/,https://www.stage.boost.org/libs/multiprecision/boost_multiprecision/tut/conversions.html,404,site
https://www.stage.boost.org/libs/multiprecision/,https://www.stage.boost.org/libs/multiprecision/boost_multiprecision/tut/random.html,404,site
https://www.stage.boost.org/libs/multiprecision/,https://www.stage.boost.org/libs/multiprecision/boost_multiprecision/tut/primetest.html,404,site
https://www.stage.boost.org/libs/multiprecision/,https://www.stage.boost.org/libs/multiprecision/boost_multiprecision/tut/lits.html,404,site
https://www.stage.boost.org/libs/multiprecision/,https://www.stage.boost.org/libs/multiprecision/boost_multiprecision/tut/import_export.html,404,site
https://www.stage.boost.org/libs/multiprecision/,https://www.stage.boost.org/libs/multiprecision/boost_multiprecision/tut/rounding.html,404,site
https://www.stage.boost.org/libs/multiprecision/,https://www.stage.boost.org/libs/multiprecision/boost_multiprecision/tut/mixed.html,404,site
https://www.stage.boost.org/libs/multiprecision/,https://www.stage.boost.org/libs/multiprecision/boost_multiprecision/tut/variable.html,404,site
https://www.stage.boost.org/libs/multiprecision/,https://www.stage.boost.org/libs/multiprecision/boost_multiprecision/tut/gen_int.html,404,site
https://www.stage.boost.org/libs/multiprecision/,https://www.stage.boost.org/libs/multiprecision/boost_multiprecision/tut/serial.html,404,site
https://www.stage.boost.org/libs/multiprecision/,https://www.stage.boost.org/libs/multiprecision/boost_multiprecision/tut/limits.html,404,site
https://www.stage.boost.org/libs/multiprecision/,https://www.stage.boost.org/libs/multiprecision/boost_multiprecision/tut/limits/constants.html,404,site
https://www.stage.boost.org/libs/multiprecision/,https://www.stage.boost.org/libs/multiprecision/boost_multiprecision/tut/limits/functions.html,404,site
https://www.stage.boost.org/libs/multiprecision/,https://www.stage.boost.org/libs/multiprecision/boost_multiprecision/tut/limits/limits32.html,404,site
https://www.stage.boost.org/libs/multiprecision/,https://www.stage.boost.org/libs/multiprecision/boost_multiprecision/tut/limits/how_to_tell.html,404,site
https://www.stage.boost.org/libs/multiprecision/,https://www.stage.boost.org/libs/multiprecision/boost_multiprecision/tut/input_output.html,404,site
https://www.stage.boost.org/libs/multiprecision/,https://www.stage.boost.org/libs/multiprecision/boost_multiprecision/tut/hash.html,404,site
https://www.stage.boost.org/libs/multiprecision/,https://www.stage.boost.org/libs/multiprecision/boost_multiprecision/tut/eigen.html,404,site
https://www.stage.boost.org/libs/multiprecision/,https://www.stage.boost.org/libs/multiprecision/boost_multiprecision/tut/new_backend.html,404,site
https://www.stage.boost.org/libs/multiprecision/,https://www.stage.boost.org/libs/multiprecision/boost_multiprecision/ref.html,404,site
https://www.stage.boost.org/libs/multiprecision/,https://www.stage.boost.org/libs/multiprecision/boost_multiprecision/ref/number.html,404,site
https://www.stage.boost.org/libs/multiprecision/,https://www.stage.boost.org/libs/multiprecision/boost_multiprecision/ref/cpp_int_ref.html,404,site
https://www.stage.boost.org/libs/multiprecision/,https://www.stage.boost.org/libs/multiprecision/boost_multiprecision/ref/gmp_int_ref.html,404,site
https://www.stage.boost.org/libs/multiprecision/,https://www.stage.boost.org/libs/multiprecision/boost_multiprecision/ref/tom_int_ref.html,404,site
https://www.stage.boost.org/libs/multiprecision/,https://www.stage.boost.org/libs/multiprecision/boost_multiprecision/ref/mpf_ref.html,404,site
https://www.stage.boost.org/libs/multiprecision/,https://www.stage.boost.org/libs/multiprecision/boost_multiprecision/ref/mpfr_ref.html,404,site
https://www.stage.boost.org/libs/multiprecision/,https://www.stage.boost.org/libs/multiprecision/boost_multiprecision/ref/cpp_bin_float_ref.html,404,site
https://www.stage.boost.org/libs/multiprecision/,https://www.stage.boost.org/libs/multiprecision/boost_multiprecision/ref/cpp_dec_ref.html,404,site
https://www.stage.boost.org/libs/multiprecision/,https://www.stage.boost.org/libs/multiprecision/boost_multiprecision/ref/cpp_double_fp_ref.html,404,site
https://www.stage.boost.org/libs/multiprecision/,https://www.stage.boost.org/libs/multiprecision/boost_multiprecision/ref/internals.html,404,site
https://www.stage.boost.org/libs/multiprecision/,https://www.stage.boost.org/libs/multiprecision/boost_multiprecision/ref/backendconc.html,404,site
https://www.stage.boost.org/libs/multiprecision/,https://www.stage.boost.org/libs/multiprecision/boost_multiprecision/ref/headers.html,404,site
https://www.stage.boost.org/libs/multiprecision/,https://www.stage.boost.org/libs/multiprecision/boost_multiprecision/perf.html,404,site
https://www.stage.boost.org/libs/multiprecision/,https://www.stage.boost.org/libs/multiprecision/boost_multiprecision/perf/overhead.html,404,site
https://www.stage.boost.org/libs/multiprecision/,https://www.stage.boost.org/libs/multiprecision/boost_multiprecision/perf/realworld.html,404,site
https://www.stage.boost.org/libs/multiprecision/,https://www.stage.boost.org/libs/multiprecision/boost_multiprecision/perf/int_real_world.html,404,site
https://www.stage.boost.org/libs/multiprecision/,https://www.stage.boost.org/libs/multiprecision/boost_multiprecision/perf/rational_real_world.html,404,site
https://www.stage.boost.org/libs/multiprecision/,https://www.stage.boost.org/libs/multiprecision/boost_multiprecision/perf/float_performance.html,404,site
https://www.stage.boost.org/libs/multiprecision/,https://www.stage.boost.org/libs/multiprecision/boost_multiprecision/perf/integer_performance.html,404,site
https://www.stage.boost.org/libs/multiprecision/,https://www.stage.boost.org/libs/multiprecision/boost_multiprecision/perf/rational_performance.html,404,site
https://www.stage.boost.org/libs/multiprecision/,https://www.stage.boost.org/libs/multiprecision/boost_multiprecision/map.html,404,site
https://www.stage.boost.org/libs/multiprecision/,https://www.stage.boost.org/libs/multiprecision/boost_multiprecision/map/hist.html,404,site
https://www.stage.boost.org/libs/multiprecision/,https://www.stage.boost.org/libs/multiprecision/boost_multiprecision/map/todo.html,404,site
https://www.stage.boost.org/libs/multiprecision/,https://www.stage.boost.org/libs/multiprecision/boost_multiprecision/map/faq.html,404,site
https://www.stage.boost.org/libs/multiprecision/,https://www.stage.boost.org/libs/multiprecision/boost_multiprecision/map/ack.html,404,site
https://www.stage.boost.org/libs/multiprecision/,https://www.stage.boost.org/libs/multiprecision/boost_multiprecision/indexes.html,404,site
https://www.stage.boost.org/libs/multiprecision/,https://www.stage.boost.org/libs/multiprecision/boost_multiprecision/indexes/s01.html,404,site
https://www.stage.boost.org/libs/multiprecision/,https://www.stage.boost.org/libs/multiprecision/boost_multiprecision/indexes/s02.html,404,site
https://www.stage.boost.org/libs/multiprecision/,https://www.stage.boost.org/libs/multiprecision/boost_multiprecision/indexes/s03.html,404,site
https://www.stage.boost.org/libs/multiprecision/,https://www.stage.boost.org/libs/multiprecision/boost_multiprecision/indexes/s04.html,404,site
https://www.stage.boost.org/libs/mysql/,https://www.stage.boost.org/libs/mysql/mysql/intro.html,404,site
https://www.stage.boost.org/libs/mysql/,https://www.stage.boost.org/libs/mysql/mysql/integrating.html,404,site
https://www.stage.boost.org/libs/mysql/,https://www.stage.boost.org/libs/mysql/mysql/integrating.html#mysql.integrating.header_only,404,site
https://www.stage.boost.org/libs/mysql/,https://www.stage.boost.org/libs/mysql/mysql/integrating.html#mysql.integrating.separate_compilation,404,site
https://www.stage.boost.org/libs/mysql/,https://www.stage.boost.org/libs/mysql/mysql/tutorial_sync.html,404,site
https://www.stage.boost.org/libs/mysql/,https://www.stage.boost.org/libs/mysql/mysql/tutorial_async.html,404,site
https://www.stage.boost.org/libs/mysql/,https://www.stage.boost.org/libs/mysql/mysql/tutorial_with_params.html,404,site
https://www.stage.boost.org/libs/mysql/,https://www.stage.boost.org/libs/mysql/mysql/tutorial_static_interface.html,404,site
https://www.stage.boost.org/libs/mysql/,https://www.stage.boost.org/libs/mysql/mysql/tutorial_updates_transactions.html,404,site
https://www.stage.boost.org/libs/mysql/,https://www.stage.boost.org/libs/mysql/mysql/tutorial_connection_pool.html,404,site
https://www.stage.boost.org/libs/mysql/,https://www.stage.boost.org/libs/mysql/mysql/tutorial_error_handling.html,404,site
https://www.stage.boost.org/libs/mysql/,https://www.stage.boost.org/libs/mysql/mysql/overview.html,404,site
https://www.stage.boost.org/libs/mysql/,https://www.stage.boost.org/libs/mysql/mysql/overview.html#mysql.overview.connection_establishment,404,site
https://www.stage.boost.org/libs/mysql/,https://www.stage.boost.org/libs/mysql/mysql/overview.html#mysql.overview.running_queries,404,site
https://www.stage.boost.org/libs/mysql/,https://www.stage.boost.org/libs/mysql/mysql/overview.html#mysql.overview.the_dynamic_and_the_static_inter,404,site
https://www.stage.boost.org/libs/mysql/,https://www.stage.boost.org/libs/mysql/mysql/overview.html#mysql.overview.running_insert_update_and_delete,404,site
https://www.stage.boost.org/libs/mysql/,https://www.stage.boost.org/libs/mysql/mysql/overview.html#mysql.overview.async,404,site
https://www.stage.boost.org/libs/mysql/,https://www.stage.boost.org/libs/mysql/mysql/overview.html#mysql.overview.errors,404,site
https://www.stage.boost.org/libs/mysql/,https://www.stage.boost.org/libs/mysql/mysql/overview.html#mysql.overview.multi_function_operations,404,site
https://www.stage.boost.org/libs/mysql/,https://www.stage.boost.org/libs/mysql/mysql/overview.html#mysql.overview.connection_pools,404,site
https://www.stage.boost.org/libs/mysql/,https://www.stage.boost.org/libs/mysql/mysql/connection_establishment.html,404,site
https://www.stage.boost.org/libs/mysql/,https://www.stage.boost.org/libs/mysql/mysql/connection_establishment.html#mysql.connection_establishment.authentication,404,site
https://www.stage.boost.org/libs/mysql/,https://www.stage.boost.org/libs/mysql/mysql/connection_establishment.html#mysql.connection_establishment.connect_with_database,404,site
https://www.stage.boost.org/libs/mysql/,https://www.stage.boost.org/libs/mysql/mysql/connection_establishment.html#mysql.connection_establishment.tls,404,site
https://www.stage.boost.org/libs/mysql/,https://www.stage.boost.org/libs/mysql/mysql/connection_establishment.html#mysql.connection_establishment.unix,404,site
https://www.stage.boost.org/libs/mysql/,https://www.stage.boost.org/libs/mysql/mysql/connection_establishment.html#mysql.connection_establishment.changing_the_network_buffer_size,404,site
https://www.stage.boost.org/libs/mysql/,https://www.stage.boost.org/libs/mysql/mysql/connection_establishment.html#mysql.connection_establishment.enabling_multi_queries,404,site
https://www.stage.boost.org/libs/mysql/,https://www.stage.boost.org/libs/mysql/mysql/connection_establishment.html#mysql.connection_establishment.closing_a_connection,404,site
https://www.stage.boost.org/libs/mysql/,https://www.stage.boost.org/libs/mysql/mysql/connection_establishment.html#mysql.connection_establishment.reconnection_and_long_lived_conn,404,site
https://www.stage.boost.org/libs/mysql/,https://www.stage.boost.org/libs/mysql/mysql/text_queries.html,404,site
https://www.stage.boost.org/libs/mysql/,https://www.stage.boost.org/libs/mysql/mysql/text_queries.html#mysql.text_queries.using_with_params_for_simple_que,404,site
https://www.stage.boost.org/libs/mysql/,https://www.stage.boost.org/libs/mysql/mysql/text_queries.html#mysql.text_queries.errors,404,site
https://www.stage.boost.org/libs/mysql/,https://www.stage.boost.org/libs/mysql/mysql/text_queries.html#mysql.text_queries.comparison,404,site
https://www.stage.boost.org/libs/mysql/,https://www.stage.boost.org/libs/mysql/mysql/prepared_statements.html,404,site
https://www.stage.boost.org/libs/mysql/,https://www.stage.boost.org/libs/mysql/mysql/dynamic_interface.html,404,site
https://www.stage.boost.org/libs/mysql/,https://www.stage.boost.org/libs/mysql/mysql/static_interface.html,404,site
https://www.stage.boost.org/libs/mysql/,https://www.stage.boost.org/libs/mysql/mysql/multi_resultset.html,404,site
https://www.stage.boost.org/libs/mysql/,https://www.stage.boost.org/libs/mysql/mysql/multi_function.html,404,site
https://www.stage.boost.org/libs/mysql/,https://www.stage.boost.org/libs/mysql/mysql/connection_pool.html,404,site
https://www.stage.boost.org/libs/mysql/,https://www.stage.boost.org/libs/mysql/mysql/async.html,404,site
https://www.stage.boost.org/libs/mysql/,https://www.stage.boost.org/libs/mysql/mysql/interfacing_sync_async.html,404,site
https://www.stage.boost.org/libs/mysql/,https://www.stage.boost.org/libs/mysql/mysql/error_handling.html,404,site
https://www.stage.boost.org/libs/mysql/,https://www.stage.boost.org/libs/mysql/mysql/sql_formatting_advanced.html,404,site
https://www.stage.boost.org/libs/mysql/,https://www.stage.boost.org/libs/mysql/mysql/sql_formatting_advanced.html#mysql.sql_formatting_advanced.expand,404,site
https://www.stage.boost.org/libs/mysql/,https://www.stage.boost.org/libs/mysql/mysql/sql_formatting_advanced.html#mysql.sql_formatting_advanced.ranges,404,site
https://www.stage.boost.org/libs/mysql/,https://www.stage.boost.org/libs/mysql/mysql/sql_formatting_advanced.html#mysql.sql_formatting_advanced.format_specifiers,404,site
https://www.stage.boost.org/libs/mysql/,https://www.stage.boost.org/libs/mysql/mysql/sql_formatting_advanced.html#mysql.sql_formatting_advanced.extending_format_sql,404,site
https://www.stage.boost.org/libs/mysql/,https://www.stage.boost.org/libs/mysql/mysql/sql_formatting_advanced.html#mysql.sql_formatting_advanced.reference,404,site
https://www.stage.boost.org/libs/mysql/,https://www.stage.boost.org/libs/mysql/mysql/meta.html,404,site
https://www.stage.boost.org/libs/mysql/,https://www.stage.boost.org/libs/mysql/mysql/charsets.html,404,site
https://www.stage.boost.org/libs/mysql/,https://www.stage.boost.org/libs/mysql/mysql/time_types.html,404,site
https://www.stage.boost.org/libs/mysql/,https://www.stage.boost.org/libs/mysql/mysql/templated_connection.html,404,site
https://www.stage.boost.org/libs/mysql/,https://www.stage.boost.org/libs/mysql/mysql/pipeline.html,404,site
https://www.stage.boost.org/libs/mysql/,https://www.stage.boost.org/libs/mysql/mysql/benchmarks.html,404,site
https://www.stage.boost.org/libs/mysql/,https://www.stage.boost.org/libs/mysql/mysql/examples.html,404,site
https://www.stage.boost.org/libs/mysql/,https://www.stage.boost.org/libs/mysql/mysql/examples/tutorial_sync.html,404,site
https://www.stage.boost.org/libs/mysql/,https://www.stage.boost.org/libs/mysql/mysql/examples/tutorial_async.html,404,site
https://www.stage.boost.org/libs/mysql/,https://www.stage.boost.org/libs/mysql/mysql/examples/tutorial_with_params.html,404,site
https://www.stage.boost.org/libs/mysql/,https://www.stage.boost.org/libs/mysql/mysql/examples/tutorial_static_interface.html,404,site
https://www.stage.boost.org/libs/mysql/,https://www.stage.boost.org/libs/mysql/mysql/examples/tutorial_updates_transactions.html,404,site
https://www.stage.boost.org/libs/mysql/,https://www.stage.boost.org/libs/mysql/mysql/examples/tutorial_connection_pool.html,404,site
https://www.stage.boost.org/libs/mysql/,https://www.stage.boost.org/libs/mysql/mysql/examples/tutorial_error_handling.html,404,site
https://www.stage.boost.org/libs/mysql/,https://www.stage.boost.org/libs/mysql/mysql/examples/inserts.html,404,site
https://www.stage.boost.org/libs/mysql/,https://www.stage.boost.org/libs/mysql/mysql/examples/deletes.html,404,site
https://www.stage.boost.org/libs/mysql/,https://www.stage.boost.org/libs/mysql/mysql/examples/prepared_statements.html,404,site
https://www.stage.boost.org/libs/mysql/,https://www.stage.boost.org/libs/mysql/mysql/examples/disable_tls.html,404,site
https://www.stage.boost.org/libs/mysql/,https://www.stage.boost.org/libs/mysql/mysql/examples/tls_certificate_verification.html,404,site
https://www.stage.boost.org/libs/mysql/,https://www.stage.boost.org/libs/mysql/mysql/examples/metadata.html,404,site
https://www.stage.boost.org/libs/mysql/,https://www.stage.boost.org/libs/mysql/mysql/examples/multi_function.html,404,site
https://www.stage.boost.org/libs/mysql/,https://www.stage.boost.org/libs/mysql/mysql/examples/callbacks.html,404,site
https://www.stage.boost.org/libs/mysql/,https://www.stage.boost.org/libs/mysql/mysql/examples/coroutines_cpp11.html,404,site
https://www.stage.boost.org/libs/mysql/,https://www.stage.boost.org/libs/mysql/mysql/examples/unix_socket.html,404,site
https://www.stage.boost.org/libs/mysql/,https://www.stage.boost.org/libs/mysql/mysql/examples/batch_inserts.html,404,site
https://www.stage.boost.org/libs/mysql/,https://www.stage.boost.org/libs/mysql/mysql/examples/batch_inserts_generic.html,404,site
https://www.stage.boost.org/libs/mysql/,https://www.stage.boost.org/libs/mysql/mysql/examples/dynamic_filters.html,404,site
https://www.stage.boost.org/libs/mysql/,https://www.stage.boost.org/libs/mysql/mysql/examples/patch_updates.html,404,site
https://www.stage.boost.org/libs/mysql/,https://www.stage.boost.org/libs/mysql/mysql/examples/source_script.html,404,site
https://www.stage.boost.org/libs/mysql/,https://www.stage.boost.org/libs/mysql/mysql/examples/pipeline.html,404,site
https://www.stage.boost.org/libs/mysql/,https://www.stage.boost.org/libs/mysql/mysql/examples/http_server_cpp20.html,404,site
https://www.stage.boost.org/libs/mysql/,https://www.stage.boost.org/libs/mysql/mysql/examples/http_server_cpp14_coroutines.html,404,site
https://www.stage.boost.org/libs/mysql/,https://www.stage.boost.org/libs/mysql/mysql/ref.html,404,site
https://www.stage.boost.org/releases/,https://www.stage.boost.org/docs/libs/master/libs/mysql/doc/html/mysql/benchmarks.html,404,site
https://www.stage.boost.org/libs/pfr/,https://www.stage.boost.org/libs/pfr/boost_parser/rationale.html,404,site
https://www.stage.boost.org/libs/pfr/,https://www.stage.boost.org/libs/pfr/libraries.html,404,site
https://www.stage.boost.org/libs/pfr/index.html,https://www.stage.boost.org/libs/pfr/boost_pfr/short_examples_for_the_impatient.html,404,site
https://www.stage.boost.org/libs/pfr/index.html,https://www.stage.boost.org/libs/pfr/boost_pfr.html#boost_pfr.intro,404,site
https://www.stage.boost.org/libs/pfr/index.html,https://www.stage.boost.org/libs/pfr/boost_pfr/tutorial.html,404,site
https://www.stage.boost.org/libs/pfr/index.html,https://www.stage.boost.org/libs/pfr/boost_pfr/tutorial.html#boost_pfr.tutorial.why_tuples_are_bad_and_aggregate,404,site
https://www.stage.boost.org/libs/pfr/index.html,https://www.stage.boost.org/libs/pfr/boost_pfr/tutorial.html#boost_pfr.tutorial.accessing_structure_member_by_in,404,site
https://www.stage.boost.org/libs/pfr/index.html,https://www.stage.boost.org/libs/pfr/boost_pfr/tutorial.html#boost_pfr.tutorial.custom_printing_of_aggregates,404,site
https://www.stage.boost.org/libs/pfr/index.html,https://www.stage.boost.org/libs/pfr/boost_pfr/tutorial.html#boost_pfr.tutorial.three_ways_of_getting_operators,404,site
https://www.stage.boost.org/libs/pfr/index.html,https://www.stage.boost.org/libs/pfr/boost_pfr/tutorial.html#boost_pfr.tutorial.reflection_of_unions,404,site
https://www.stage.boost.org/libs/pfr/index.html,https://www.stage.boost.org/libs/pfr/boost_pfr/tutorial.html#boost_pfr.tutorial.reflection_of_field_name,404,site
https://www.stage.boost.org/libs/pfr/index.html,https://www.stage.boost.org/libs/pfr/boost_pfr/limitations_and_configuration.html,404,site
https://www.stage.boost.org/libs/pfr/index.html,https://www.stage.boost.org/libs/pfr/boost_pfr/pfr_as_a_c_20_module.html,404,site
https://www.stage.boost.org/libs/pfr/index.html,https://www.stage.boost.org/libs/pfr/boost_pfr/how_it_works.html,404,site
https://www.stage.boost.org/libs/pfr/index.html,https://www.stage.boost.org/libs/pfr/boost_pfr/acknowledgements.html,404,site
https://www.stage.boost.org/libs/pfr/index.html,https://www.stage.boost.org/libs/pfr/reference_section_of_pfr.html,404,site
https://www.stage.boost.org/libs/pfr/index.html,https://www.stage.boost.org/libs/pfr/reference_section_of_pfr.html#doxygen.reference_section_of_pfr.pfr_8hpp,404,site
https://www.stage.boost.org/libs/pfr/index.html,https://www.stage.boost.org/libs/pfr/reference_section_of_pfr.html#doxygen.reference_section_of_pfr.config_8hpp,404,site
https://www.stage.boost.org/libs/pfr/index.html,https://www.stage.boost.org/libs/pfr/reference_section_of_pfr.html#doxygen.reference_section_of_pfr.core_8hpp,404,site
https://www.stage.boost.org/libs/pfr/index.html,https://www.stage.boost.org/libs/pfr/reference_section_of_pfr.html#doxygen.reference_section_of_pfr.core__name_8hpp,404,site
https://www.stage.boost.org/libs/pfr/index.html,https://www.stage.boost.org/libs/pfr/reference_section_of_pfr.html#doxygen.reference_section_of_pfr.functions__for_8hpp,404,site
https://www.stage.boost.org/libs/pfr/index.html,https://www.stage.boost.org/libs/pfr/reference_section_of_pfr.html#doxygen.reference_section_of_pfr.functors_8hpp,404,site
https://www.stage.boost.org/libs/pfr/index.html,https://www.stage.boost.org/libs/pfr/reference_section_of_pfr.html#doxygen.reference_section_of_pfr.io_8hpp,404,site
https://www.stage.boost.org/libs/pfr/index.html,https://www.stage.boost.org/libs/pfr/reference_section_of_pfr.html#doxygen.reference_section_of_pfr.io__fields_8hpp,404,site
https://www.stage.boost.org/libs/pfr/index.html,https://www.stage.boost.org/libs/pfr/reference_section_of_pfr.html#doxygen.reference_section_of_pfr.ops_8hpp,404,site
https://www.stage.boost.org/libs/pfr/index.html,https://www.stage.boost.org/libs/pfr/reference_section_of_pfr.html#doxygen.reference_section_of_pfr.ops__fields_8hpp,404,site
https://www.stage.boost.org/libs/pfr/index.html,https://www.stage.boost.org/libs/pfr/reference_section_of_pfr.html#doxygen.reference_section_of_pfr.traits_8hpp,404,site
https://www.stage.boost.org/libs/pfr/index.html,https://www.stage.boost.org/libs/pfr/reference_section_of_pfr.html#doxygen.reference_section_of_pfr.traits__fwd_8hpp,404,site
https://www.stage.boost.org/libs/pfr/index.html,https://www.stage.boost.org/libs/pfr/reference_section_of_pfr.html#doxygen.reference_section_of_pfr.tuple__size_8hpp,404,site
https://www.stage.boost.org/libs/pfr/index.html,https://www.stage.boost.org/libs/pfr/boost_pfr.html#boost_pfr.intro.usecase_example,404,site
https://www.stage.boost.org/libs/pfr/index.html,https://www.stage.boost.org/libs/pfr/boost_pfr.html#boost_pfr.intro.out_of_the_box_functionality,404,site
https://www.stage.boost.org/libs/random/,https://www.stage.boost.org/libs/random/proto/appendices.html,404,site
https://www.stage.boost.org/libs/random/,https://www.stage.boost.org/libs/random/libraries.html,404,site
https://www.stage.boost.org/libs/random/index.html,https://www.stage.boost.org/libs/random/boost_random/tutorial.html,404,site
https://www.stage.boost.org/libs/random/index.html,https://www.stage.boost.org/libs/random/boost_random.html#boost_random.introduction,404,site
https://www.stage.boost.org/libs/random/index.html,https://www.stage.boost.org/libs/random/boost_random/tutorial.html#boost_random.tutorial.generating_integers_in_a_range,404,site
https://www.stage.boost.org/libs/random/index.html,https://www.stage.boost.org/libs/random/boost_random/tutorial.html#boost_random.tutorial.generating_integers_with_different_probabilities,404,site
https://www.stage.boost.org/libs/random/index.html,https://www.stage.boost.org/libs/random/boost_random/tutorial.html#boost_random.tutorial.generating_a_random_password,404,site
https://www.stage.boost.org/libs/random/index.html,https://www.stage.boost.org/libs/random/boost_random/tutorial.html#boost_random.tutorial.generating_quasi_random_line_sphere_intersections,404,site
https://www.stage.boost.org/libs/random/index.html,https://www.stage.boost.org/libs/random/boost_random/reference.html,404,site
https://www.stage.boost.org/libs/random/index.html,https://www.stage.boost.org/libs/random/boost_random/reference.html#boost_random.reference.concepts,404,site
https://www.stage.boost.org/libs/random/index.html,https://www.stage.boost.org/libs/random/boost_random/reference.html#boost_random.reference.generators,404,site
https://www.stage.boost.org/libs/random/index.html,https://www.stage.boost.org/libs/random/boost_random/reference.html#boost_random.reference.distributions,404,site
https://www.stage.boost.org/libs/random/index.html,https://www.stage.boost.org/libs/random/boost_random/reference.html#boost_random.reference.utilities,404,site
https://www.stage.boost.org/libs/random/index.html,https://www.stage.boost.org/libs/random/boost_random/reference.html#headers,404,site
https://www.stage.boost.org/libs/random/index.html,https://www.stage.boost.org/libs/random/boost_random/performance.html,404,site
https://www.stage.boost.org/libs/random/index.html,https://www.stage.boost.org/libs/random/boost_random/history_and_acknowledgements.html,404,site
https://www.stage.boost.org/libs/random/index.html,https://www.stage.boost.org/libs/random/doxygen/headers/mersenne__twister_8hpp_1a313d63e0721b6a6bba3a1be507e9e6a2.html,404,site
https://www.stage.boost.org/libs/random/index.html,https://www.stage.boost.org/libs/random/doxygen/headers/classboost_1_1random_1_1uniform__int__distribution.html,404,site
https://www.stage.boost.org/libs/type_index/,https://www.stage.boost.org/libs/type_index/boost_typeerasure/related.html,404,site
https://www.stage.boost.org/libs/type_index/,https://www.stage.boost.org/libs/type_index/libraries.html,404,site
https://www.stage.boost.org/libs/type_index/index.html,https://www.stage.boost.org/libs/type_index/boost_typeindex/getting_started.html,404,site
https://www.stage.boost.org/libs/type_index/index.html,https://www.stage.boost.org/libs/type_index/boost_typeindex.html#boost_typeindex.motivation,404,site
https://www.stage.boost.org/libs/type_index/index.html,https://www.stage.boost.org/libs/type_index/boost_typeindex/getting_started.html#boost_typeindex.getting_started.how_to_use,404,site
https://www.stage.boost.org/libs/type_index/index.html,https://www.stage.boost.org/libs/type_index/boost_typeindex/getting_started.html#boost_typeindex.getting_started.example_with_boost_any,404,site
https://www.stage.boost.org/libs/type_index/index.html,https://www.stage.boost.org/libs/type_index/boost_typeindex/getting_started.html#boost_typeindex.getting_started.example_with_boost_variant,404,site
https://www.stage.boost.org/libs/type_index/index.html,https://www.stage.boost.org/libs/type_index/boost_typeindex/config.html,404,site
https://www.stage.boost.org/libs/type_index/index.html,https://www.stage.boost.org/libs/type_index/boost_typeindex/how_it_works.html,404,site
https://www.stage.boost.org/libs/type_index/index.html,https://www.stage.boost.org/libs/type_index/boost_typeindex/examples.html,404,site
https://www.stage.boost.org/libs/type_index/index.html,https://www.stage.boost.org/libs/type_index/boost_typeindex/examples.html#boost_typeindex.examples.getting_human_readable_and_mangl,404,site
https://www.stage.boost.org/libs/type_index/index.html,https://www.stage.boost.org/libs/type_index/boost_typeindex/examples.html#boost_typeindex.examples.storing_information_about_a_type,404,site
https://www.stage.boost.org/libs/type_index/index.html,https://www.stage.boost.org/libs/type_index/boost_typeindex/examples.html#boost_typeindex.examples.getting_through_the_inheritance_,404,site
https://www.stage.boost.org/libs/type_index/index.html,https://www.stage.boost.org/libs/type_index/boost_typeindex/examples.html#boost_typeindex.examples.using_runtime_cast_where_rtti_is,404,site
https://www.stage.boost.org/libs/type_index/index.html,https://www.stage.boost.org/libs/type_index/boost_typeindex/examples.html#boost_typeindex.examples.exact_type_matching_storing_type,404,site
https://www.stage.boost.org/libs/type_index/index.html,https://www.stage.boost.org/libs/type_index/boost_typeindex/examples.html#boost_typeindex.examples.table_of_raw_name_and_pretty_nam,404,site
https://www.stage.boost.org/libs/type_index/index.html,https://www.stage.boost.org/libs/type_index/boost_typeindex/examples.html#boost_typeindex.examples.c_14_checking_namespace_at_compi,404,site
https://www.stage.boost.org/libs/type_index/index.html,https://www.stage.boost.org/libs/type_index/boost_typeindex/examples.html#boost_typeindex.examples.c_14_checking_lexigraphical_orde,404,site
https://www.stage.boost.org/libs/type_index/index.html,https://www.stage.boost.org/libs/type_index/boost_typeindex_header_reference.html,404,site
https://www.stage.boost.org/libs/type_index/index.html,https://www.stage.boost.org/libs/type_index/boost_typeindex_header_reference.html#doxygen.boost_typeindex_header_reference.type__index_8hpp,404,site
https://www.stage.boost.org/libs/type_index/index.html,https://www.stage.boost.org/libs/type_index/boost_typeindex_header_reference.html#doxygen.boost_typeindex_header_reference.ctti__type__index_8hpp,404,site
https://www.stage.boost.org/libs/type_index/index.html,https://www.stage.boost.org/libs/type_index/boost_typeindex_header_reference.html#doxygen.boost_typeindex_header_reference.runtime__cast_8hpp,404,site
https://www.stage.boost.org/libs/type_index/index.html,https://www.stage.boost.org/libs/type_index/boost_typeindex_header_reference.html#doxygen.boost_typeindex_header_reference.boost__shared__ptr__cast_8hpp,404,site
https://www.stage.boost.org/libs/type_index/index.html,https://www.stage.boost.org/libs/type_index/boost_typeindex_header_reference.html#doxygen.boost_typeindex_header_reference.pointer__cast_8hpp,404,site
https://www.stage.boost.org/libs/type_index/index.html,https://www.stage.boost.org/libs/type_index/boost_typeindex_header_reference.html#doxygen.boost_typeindex_header_reference.reference__cast_8hpp,404,site
https://www.stage.boost.org/libs/type_index/index.html,https://www.stage.boost.org/libs/type_index/boost_typeindex_header_reference.html#doxygen.boost_typeindex_header_reference.register__runtime__class_8hpp,404,site
https://www.stage.boost.org/libs/type_index/index.html,https://www.stage.boost.org/libs/type_index/boost_typeindex_header_reference.html#doxygen.boost_typeindex_header_reference.std__shared__ptr__cast_8hpp,404,site
https://www.stage.boost.org/libs/type_index/index.html,https://www.stage.boost.org/libs/type_index/boost_typeindex_header_reference.html#doxygen.boost_typeindex_header_reference.stl__type__index_8hpp,404,site
https://www.stage.boost.org/libs/type_index/index.html,https://www.stage.boost.org/libs/type_index/boost_typeindex_header_reference.html#doxygen.boost_typeindex_header_reference.type__index__facade_8hpp,404,site
https://www.stage.boost.org/libs/type_index/index.html,https://www.stage.boost.org/libs/type_index/boost_typeindex/making_a_custom_type_index.html,404,site
https://www.stage.boost.org/libs/type_index/index.html,https://www.stage.boost.org/libs/type_index/boost_typeindex/making_a_custom_type_index.html#boost_typeindex.making_a_custom_type_index.basics,404,site
https://www.stage.boost.org/libs/type_index/index.html,https://www.stage.boost.org/libs/type_index/boost_typeindex/making_a_custom_type_index.html#boost_typeindex.making_a_custom_type_index.getting_type_infos_at_runtime,404,site
https://www.stage.boost.org/libs/type_index/index.html,https://www.stage.boost.org/libs/type_index/boost_typeindex/making_a_custom_type_index.html#boost_typeindex.making_a_custom_type_index.using_new_type_infos_all_around_,404,site
https://www.stage.boost.org/libs/type_index/index.html,https://www.stage.boost.org/libs/type_index/boost_typeindex/c_20_module.html,404,site
https://www.stage.boost.org/libs/type_index/index.html,https://www.stage.boost.org/libs/type_index/boost_typeindex/space_and_performance.html,404,site
https://www.stage.boost.org/libs/type_index/index.html,https://www.stage.boost.org/libs/type_index/boost_typeindex/code_bloat.html,404,site
https://www.stage.boost.org/libs/type_index/index.html,https://www.stage.boost.org/libs/type_index/boost_typeindex/rtti_emulation_limitations.html,404,site
https://www.stage.boost.org/libs/type_index/index.html,https://www.stage.boost.org/libs/type_index/boost_typeindex/rtti_emulation_limitations.html#boost_typeindex.rtti_emulation_limitations.define_the_boost_type_index_func,404,site
https://www.stage.boost.org/libs/type_index/index.html,https://www.stage.boost.org/libs/type_index/boost_typeindex/rtti_emulation_limitations.html#boost_typeindex.rtti_emulation_limitations.fixing_pretty_name_output,404,site
https://www.stage.boost.org/libs/type_index/index.html,https://www.stage.boost.org/libs/type_index/boost_typeindex/mixing_sources_with_rtti_on_and_.html,404,site
https://www.stage.boost.org/libs/type_index/index.html,https://www.stage.boost.org/libs/type_index/boost_typeindex/acknowledgements.html,404,site
https://www.stage.boost.org/libs/unordered/,https://www.stage.boost.org/libs/unordered/intro.html,404,site
https://www.stage.boost.org/libs/unordered/,https://www.stage.boost.org/libs/unordered/buckets.html,404,site
https://www.stage.boost.org/libs/unordered/,https://www.stage.boost.org/libs/unordered/hash_equality.html,404,site
https://www.stage.boost.org/libs/unordered/,https://www.stage.boost.org/libs/unordered/regular.html,404,site
https://www.stage.boost.org/libs/unordered/,https://www.stage.boost.org/libs/unordered/concurrent.html,404,site
https://www.stage.boost.org/libs/unordered/,https://www.stage.boost.org/libs/unordered/hash_quality.html,404,site
https://www.stage.boost.org/libs/unordered/,https://www.stage.boost.org/libs/unordered/compliance.html,404,site
https://www.stage.boost.org/libs/unordered/,https://www.stage.boost.org/libs/unordered/structures.html,404,site
https://www.stage.boost.org/libs/unordered/,https://www.stage.boost.org/libs/unordered/debuggability.html,404,site
https://www.stage.boost.org/libs/unordered/,https://www.stage.boost.org/libs/unordered/benchmarks.html,404,site
https://www.stage.boost.org/libs/unordered/,https://www.stage.boost.org/libs/unordered/rationale.html,404,site
https://www.stage.boost.org/libs/unordered/,https://www.stage.boost.org/libs/unordered/ref.html,404,site
https://www.stage.boost.org/libs/unordered/,https://www.stage.boost.org/libs/unordered/reference/header_unordered_map_fwd.html,404,site
https://www.stage.boost.org/libs/unordered/,https://www.stage.boost.org/libs/unordered/reference/header_unordered_map_top.html,404,site
https://www.stage.boost.org/libs/unordered/,https://www.stage.boost.org/libs/unordered/reference/header_unordered_map.html,404,site
https://www.stage.boost.org/libs/unordered/,https://www.stage.boost.org/libs/unordered/reference/unordered_map.html,404,site
https://www.stage.boost.org/libs/unordered/,https://www.stage.boost.org/libs/unordered/reference/unordered_multimap.html,404,site
https://www.stage.boost.org/libs/unordered/,https://www.stage.boost.org/libs/unordered/reference/header_unordered_set_fwd.html,404,site
https://www.stage.boost.org/libs/unordered/,https://www.stage.boost.org/libs/unordered/reference/header_unordered_set_top.html,404,site
https://www.stage.boost.org/libs/unordered/,https://www.stage.boost.org/libs/unordered/reference/header_unordered_set.html,404,site
https://www.stage.boost.org/libs/unordered/,https://www.stage.boost.org/libs/unordered/reference/unordered_set.html,404,site
https://www.stage.boost.org/libs/unordered/,https://www.stage.boost.org/libs/unordered/reference/unordered_multiset.html,404,site
https://www.stage.boost.org/libs/unordered/,https://www.stage.boost.org/libs/unordered/reference/hash_traits.html,404,site
https://www.stage.boost.org/libs/unordered/,https://www.stage.boost.org/libs/unordered/reference/stats.html,404,site
https://www.stage.boost.org/libs/unordered/,https://www.stage.boost.org/libs/unordered/reference/header_unordered_flat_map_fwd.html,404,site
https://www.stage.boost.org/libs/unordered/,https://www.stage.boost.org/libs/unordered/reference/header_unordered_flat_map.html,404,site
https://www.stage.boost.org/libs/unordered/,https://www.stage.boost.org/libs/unordered/reference/unordered_flat_map.html,404,site
https://www.stage.boost.org/libs/unordered/,https://www.stage.boost.org/libs/unordered/reference/header_unordered_flat_set_fwd.html,404,site
https://www.stage.boost.org/libs/unordered/,https://www.stage.boost.org/libs/unordered/reference/header_unordered_flat_set.html,404,site
https://www.stage.boost.org/libs/unordered/,https://www.stage.boost.org/libs/unordered/reference/unordered_flat_set.html,404,site
https://www.stage.boost.org/libs/unordered/,https://www.stage.boost.org/libs/unordered/reference/header_unordered_node_map_fwd.html,404,site
https://www.stage.boost.org/libs/unordered/,https://www.stage.boost.org/libs/unordered/reference/header_unordered_node_map.html,404,site
https://www.stage.boost.org/libs/unordered/,https://www.stage.boost.org/libs/unordered/reference/unordered_node_map.html,404,site
https://www.stage.boost.org/libs/unordered/,https://www.stage.boost.org/libs/unordered/reference/header_unordered_node_set_fwd.html,404,site
https://www.stage.boost.org/libs/unordered/,https://www.stage.boost.org/libs/unordered/reference/header_unordered_node_set.html,404,site
https://www.stage.boost.org/libs/unordered/,https://www.stage.boost.org/libs/unordered/reference/unordered_node_set.html,404,site
https://www.stage.boost.org/libs/unordered/,https://www.stage.boost.org/libs/unordered/reference/header_concurrent_flat_map_fwd.html,404,site
https://www.stage.boost.org/libs/unordered/,https://www.stage.boost.org/libs/unordered/reference/header_concurrent_flat_map.html,404,site
https://www.stage.boost.org/libs/unordered/,https://www.stage.boost.org/libs/unordered/reference/concurrent_flat_map.html,404,site
https://www.stage.boost.org/libs/unordered/,https://www.stage.boost.org/libs/unordered/reference/header_concurrent_flat_set_fwd.html,404,site
https://www.stage.boost.org/libs/unordered/,https://www.stage.boost.org/libs/unordered/reference/header_concurrent_flat_set.html,404,site
https://www.stage.boost.org/libs/unordered/,https://www.stage.boost.org/libs/unordered/reference/concurrent_flat_set.html,404,site
https://www.stage.boost.org/libs/unordered/,https://www.stage.boost.org/libs/unordered/reference/header_concurrent_node_map_fwd.html,404,site
https://www.stage.boost.org/libs/unordered/,https://www.stage.boost.org/libs/unordered/reference/header_concurrent_node_map.html,404,site
https://www.stage.boost.org/libs/unordered/,https://www.stage.boost.org/libs/unordered/reference/concurrent_node_map.html,404,site
https://www.stage.boost.org/libs/unordered/,https://www.stage.boost.org/libs/unordered/reference/header_concurrent_node_set_fwd.html,404,site
https://www.stage.boost.org/libs/unordered/,https://www.stage.boost.org/libs/unordered/reference/header_concurrent_node_set.html,404,site
https://www.stage.boost.org/libs/unordered/,https://www.stage.boost.org/libs/unordered/reference/concurrent_node_set.html,404,site
https://www.stage.boost.org/libs/unordered/,https://www.stage.boost.org/libs/unordered/changes.html,404,site
https://www.stage.boost.org/libs/unordered/,https://www.stage.boost.org/libs/unordered/bibliography.html,404,site
https://www.stage.boost.org/libs/unordered/,https://www.stage.boost.org/libs/unordered/copyright.html,404,site
https://www.stage.boost.org/libs/unordered/,https://www.stage.boost.org/libs/unordered/hash_equality.html#hash_equality,404,site
https://www.stage.boost.org/libs/histogram/,https://www.stage.boost.org/libs/histogram/histogram/overview.html,404,site
https://www.stage.boost.org/libs/histogram/,https://www.stage.boost.org/libs/histogram/histogram/getting_started.html,404,site
https://www.stage.boost.org/libs/histogram/,https://www.stage.boost.org/libs/histogram/histogram/guide.html,404,site
https://www.stage.boost.org/libs/histogram/,https://www.stage.boost.org/libs/histogram/histogram/reference.html,404,site
https://www.stage.boost.org/libs/histogram/,https://www.stage.boost.org/libs/histogram/histogram/concepts.html,404,site
https://www.stage.boost.org/libs/histogram/,https://www.stage.boost.org/libs/histogram/histogram/benchmarks.html,404,site
https://www.stage.boost.org/libs/histogram/,https://www.stage.boost.org/libs/histogram/histogram/rationale.html,404,site
https://www.stage.boost.org/libs/histogram/,https://www.stage.boost.org/libs/histogram/histogram/changelog.html,404,site
https://www.stage.boost.org/library/develop/sort/,https://www.stage.boost.org/library/develop/sort/doc/papers/original_spreadsort06_2002.pdf,404,site
https://www.stage.boost.org/library/develop/sort/,https://www.stage.boost.org/library/develop/sort/doc/papers/flat_stable_sort_eng.pdf,404,site
https://www.stage.boost.org/library/develop/sort/,https://www.stage.boost.org/library/develop/sort/doc/papers/block_indirect_sort_en.pdf,404,site
https://www.stage.boost.org/library/master/sort/,https://www.stage.boost.org/library/master/sort/doc/papers/original_spreadsort06_2002.pdf,404,site
https://www.stage.boost.org/library/master/sort/,https://www.stage.boost.org/library/master/sort/doc/papers/flat_stable_sort_eng.pdf,404,site
https://www.stage.boost.org/library/master/sort/,https://www.stage.boost.org/library/master/sort/doc/papers/block_indirect_sort_en.pdf,404,site
https://www.stage.boost.org/library/develop/callable_traits/,https://www.stage.boost.org/library/develop/callable_traits/LICENSE.md,404,site
https://www.stage.boost.org/library/master/callable_traits/,https://www.stage.boost.org/library/master/callable_traits/LICENSE.md,404,site
https://www.stage.boost.org/library/latest/callable_traits/,https://www.stage.boost.org/library/latest/callable_traits/LICENSE.md,404,site
https://www.stage.boost.org/library/master/mp11/,https://www.stage.boost.org/doc/libs/master/libs/mp11/index.html,503,doc
https://www.stage.boost.org/library/latest/asio/,https://www.stage.boost.org/library/master/asio/,503,site
https://www.stage.boost.org/library/latest/asio/,https://www.stage.boost.org/library/develop/asio/,503,site
https://www.stage.boost.org/library/latest/asio/,https://www.stage.boost.org/libraries/latest/grid/io/,503,site
https://www.stage.boost.org/library/latest/asio/,https://www.stage.boost.org/doc/libs/latest/libs/asio/index.html,503,doc
https://www.stage.boost.org/library/latest/asio/,https://www.stage.boost.org/library/latest/align/,503,site
https://www.stage.boost.org/library/latest/endian/,https://www.stage.boost.org/doc/libs/latest/libs/endian/index.html,503,doc
https://www.stage.boost.org/library/latest/dynamic_bitset/,https://www.stage.boost.org/library/master/dynamic_bitset/,503,site
https://www.stage.boost.org/libraries/latest/categorized/data-structures/,https://www.stage.boost.org/library/latest/icl/,503,site
https://www.stage.boost.org/library/develop/static_string/,https://www.stage.boost.org/library/develop/static_string/LICENSE_1_0.txt,404,site
https://www.stage.boost.org/library/master/static_string/,https://www.stage.boost.org/library/master/static_string/LICENSE_1_0.txt,404,site
https://www.stage.boost.org/library/latest/static_string/,https://www.stage.boost.org/library/latest/static_string/LICENSE_1_0.txt,404,site
https://www.stage.boost.org/library/develop/test/,https://www.stage.boost.org/library/develop/test/CONTRIBUTE.md,404,site
https://www.stage.boost.org/library/master/test/,https://www.stage.boost.org/library/master/test/CONTRIBUTE.md,404,site
https://www.stage.boost.org/library/latest/test/,https://www.stage.boost.org/library/latest/test/CONTRIBUTE.md,404,site
https://www.stage.boost.org/library/develop/hof/,https://www.stage.boost.org/library/develop/hof/BOOST_HOF_STATIC_FUNCTION,404,site
https://www.stage.boost.org/library/develop/hof/,https://www.stage.boost.org/library/develop/hof/BOOST_HOF_STATIC_LAMBDA_FUNCTION,404,site
https://www.stage.boost.org/library/master/hof/,https://www.stage.boost.org/library/master/hof/BOOST_HOF_STATIC_FUNCTION,404,site
https://www.stage.boost.org/library/master/hof/,https://www.stage.boost.org/library/master/hof/BOOST_HOF_STATIC_LAMBDA_FUNCTION,404,site
https://www.stage.boost.org/library/latest/hof/,https://www.stage.boost.org/library/latest/hof/BOOST_HOF_STATIC_FUNCTION,404,site
https://www.stage.boost.org/library/latest/hof/,https://www.stage.boost.org/library/latest/hof/BOOST_HOF_STATIC_LAMBDA_FUNCTION,404,site
https://www.stage.boost.org/library/develop/lambda2/,https://www.stage.boost.org/library/develop/lambda2/include/boost/lambda2/lambda2.hpp,404,site
https://www.stage.boost.org/library/master/lambda2/,https://www.stage.boost.org/library/master/lambda2/include/boost/lambda2/lambda2.hpp,404,site
https://www.stage.boost.org/library/latest/lambda2/,https://www.stage.boost.org/library/latest/lambda2/include/boost/lambda2/lambda2.hpp,404,site
https://www.stage.boost.org/library/develop/stl_interfaces/,https://www.stage.boost.org/library/develop/stl_interfaces/LICENSE_1_0.txt,404,site
https://www.stage.boost.org/library/master/stl_interfaces/,https://www.stage.boost.org/library/master/stl_interfaces/LICENSE_1_0.txt,404,site
https://www.stage.boost.org/library/latest/stl_interfaces/,https://www.stage.boost.org/library/latest/stl_interfaces/LICENSE_1_0.txt,404,site
https://www.stage.boost.org/library/develop/yap/,https://www.stage.boost.org/library/develop/yap/LICENSE_1_0.txt,404,site
https://www.stage.boost.org/library/master/yap/,https://www.stage.boost.org/library/master/yap/LICENSE_1_0.txt,404,site
https://www.stage.boost.org/library/develop/hana/,https://www.stage.boost.org/library/develop/hana/hana.sublime-project,404,site
https://www.stage.boost.org/library/develop/hana/,https://www.stage.boost.org/library/develop/hana/benchmark,404,site
https://www.stage.boost.org/library/develop/hana/,https://www.stage.boost.org/library/develop/hana/cmake,404,site
https://www.stage.boost.org/library/develop/hana/,https://www.stage.boost.org/library/develop/hana/doc,404,site
https://www.stage.boost.org/library/develop/hana/,https://www.stage.boost.org/library/develop/hana/example,404,site
https://www.stage.boost.org/library/develop/hana/,https://www.stage.boost.org/library/develop/hana/include,404,site
https://www.stage.boost.org/library/develop/hana/,https://www.stage.boost.org/library/develop/hana/test,404,site
https://www.stage.boost.org/library/develop/hana/,https://www.stage.boost.org/library/develop/hana/CONTRIBUTING.md,404,site
https://www.stage.boost.org/library/develop/hana/,https://www.stage.boost.org/library/develop/hana/LICENSE.md,404,site
https://www.stage.boost.org/library/master/hana/,https://www.stage.boost.org/library/master/hana/hana.sublime-project,404,site
https://www.stage.boost.org/library/master/hana/,https://www.stage.boost.org/library/master/hana/benchmark,404,site
https://www.stage.boost.org/library/master/hana/,https://www.stage.boost.org/library/master/hana/cmake,404,site
https://www.stage.boost.org/library/master/hana/,https://www.stage.boost.org/library/master/hana/doc,404,site
https://www.stage.boost.org/library/master/hana/,https://www.stage.boost.org/library/master/hana/example,404,site
https://www.stage.boost.org/library/master/hana/,https://www.stage.boost.org/library/master/hana/include,404,site
https://www.stage.boost.org/library/master/hana/,https://www.stage.boost.org/library/master/hana/test,404,site
https://www.stage.boost.org/library/master/hana/,https://www.stage.boost.org/library/master/hana/CONTRIBUTING.md,404,site
https://www.stage.boost.org/library/master/hana/,https://www.stage.boost.org/library/master/hana/LICENSE.md,404,site
https://www.stage.boost.org/library/latest/hana/,https://www.stage.boost.org/library/latest/hana/hana.sublime-project,404,site
https://www.stage.boost.org/library/latest/hana/,https://www.stage.boost.org/library/latest/hana/benchmark,404,site
https://www.stage.boost.org/library/latest/hana/,https://www.stage.boost.org/library/latest/hana/cmake,404,site
https://www.stage.boost.org/library/latest/hana/,https://www.stage.boost.org/library/latest/hana/doc,404,site
https://www.stage.boost.org/library/latest/hana/,https://www.stage.boost.org/library/latest/hana/example,404,site
https://www.stage.boost.org/library/latest/hana/,https://www.stage.boost.org/library/latest/hana/include,404,site
https://www.stage.boost.org/library/latest/hana/,https://www.stage.boost.org/library/latest/hana/test,404,site
https://www.stage.boost.org/library/latest/hana/,https://www.stage.boost.org/library/latest/hana/CONTRIBUTING.md,404,site
https://www.stage.boost.org/library/latest/hana/,https://www.stage.boost.org/library/latest/hana/LICENSE.md,404,site
https://www.stage.boost.org/library/latest/yap/,https://www.stage.boost.org/library/latest/yap/LICENSE_1_0.txt,404,site
https://www.stage.boost.org/library/develop/numericublas/,https://www.stage.boost.org/doc/libs/develop/libs/numeric/ublas/index.html,404,doc
https://www.stage.boost.org/library/latest/timer/,https://www.stage.boost.org/doc/libs/latest/libs/timer/index.html,503,doc
https://www.stage.boost.org/library/develop/parser/,https://www.stage.boost.org/library/develop/parser/LICENSE_1_0.txt,404,site
https://www.stage.boost.org/library/master/parser/,https://www.stage.boost.org/library/master/parser/LICENSE_1_0.txt,404,site
https://www.stage.boost.org/library/latest/parser/,https://www.stage.boost.org/library/latest/parser/LICENSE_1_0.txt,404,site
https://www.stage.boost.org/libraries/master/categorized/state/,https://www.stage.boost.org/doc/libs/master/libs/conversion/index.html,503,doc
https://www.stage.boost.org/library/latest/openmethod/,https://www.stage.boost.org/library/1.90.0.beta1/openmethod/,503,site
https://www.stage.boost.org/library/develop/openmethod/,https://www.stage.boost.org/doc/libs/develop/libs/openmethod/index.html,503,doc
https://www.stage.boost.org/library/develop/beast/,https://www.stage.boost.org/library/develop/beast/CHANGELOG.md,404,site
https://www.stage.boost.org/library/develop/beast/,https://www.stage.boost.org/library/develop/beast/tools/user-config.jam,404,site
https://www.stage.boost.org/library/develop/beast/,https://www.stage.boost.org/library/develop/beast/LICENSE_1_0.txt,503,site
https://www.stage.boost.org/library/master/beast/,https://www.stage.boost.org/library/master/beast/CHANGELOG.md,503,site
https://www.stage.boost.org/library/master/beast/,https://www.stage.boost.org/library/master/beast/tools/user-config.jam,404,site
https://www.stage.boost.org/library/master/beast/,https://www.stage.boost.org/library/master/beast/LICENSE_1_0.txt,503,site
https://www.stage.boost.org/library/latest/beast/,https://www.stage.boost.org/library/latest/beast/CHANGELOG.md,503,site
https://www.stage.boost.org/library/latest/beast/,https://www.stage.boost.org/library/latest/beast/tools/user-config.jam,404,site
https://www.stage.boost.org/library/latest/beast/,https://www.stage.boost.org/library/latest/beast/LICENSE_1_0.txt,404,site
https://www.stage.boost.org/library/latest/sort/,https://www.stage.boost.org/library/latest/sort/doc/papers/original_spreadsort06_2002.pdf,404,site
https://www.stage.boost.org/library/latest/sort/,https://www.stage.boost.org/library/latest/sort/doc/papers/flat_stable_sort_eng.pdf,404,site
https://www.stage.boost.org/library/latest/sort/,https://www.stage.boost.org/library/latest/sort/doc/papers/block_indirect_sort_en.pdf,404,site
https://www.stage.boost.org/library/develop/graph/,https://www.stage.boost.org/drone.cpp.al/boostorg/graph,404,site
https://www.stage.boost.org/library/develop/gil/,https://www.stage.boost.org/library/develop/gil/RELEASES.md,404,site
https://www.stage.boost.org/library/develop/gil/,https://www.stage.boost.org/library/develop/gil/CONTRIBUTING.md,404,site
https://www.stage.boost.org/library/develop/gil/,https://www.stage.boost.org/library/develop/gil/example/README.md,404,site
https://www.stage.boost.org/library/develop/gil/,https://www.stage.boost.org/library/develop/gil/example/b2/README.md,404,site
https://www.stage.boost.org/library/develop/gil/,https://www.stage.boost.org/library/develop/gil/example/cmake/README.md,404,site
https://www.stage.boost.org/library/master/gil/,https://www.stage.boost.org/library/master/gil/RELEASES.md,404,site
https://www.stage.boost.org/library/master/gil/,https://www.stage.boost.org/library/master/gil/CONTRIBUTING.md,404,site
https://www.stage.boost.org/library/master/gil/,https://www.stage.boost.org/library/master/gil/example/README.md,404,site
https://www.stage.boost.org/library/master/gil/,https://www.stage.boost.org/library/master/gil/example/b2/README.md,404,site
https://www.stage.boost.org/library/master/gil/,https://www.stage.boost.org/library/master/gil/example/cmake/README.md,404,site
https://www.stage.boost.org/library/latest/gil/,https://www.stage.boost.org/library/latest/gil/RELEASES.md,404,site
https://www.stage.boost.org/library/latest/gil/,https://www.stage.boost.org/library/latest/gil/CONTRIBUTING.md,404,site
https://www.stage.boost.org/library/latest/gil/,https://www.stage.boost.org/library/latest/gil/example/README.md,404,site
https://www.stage.boost.org/library/latest/gil/,https://www.stage.boost.org/library/latest/gil/example/b2/README.md,404,site
https://www.stage.boost.org/library/latest/gil/,https://www.stage.boost.org/library/latest/gil/example/cmake/README.md,404,site
direct,https://www.stage.boost.org/doc/libs/1_90_0/,404,doc
direct,https://www.stage.boost.org/doc/libs/1_90_0/libs/asio/,404,doc
direct,https://www.stage.boost.org/doc/libs/1_90_0/libs/beast/,404,doc
direct,https://www.stage.boost.org/doc/libs/1_90_0/libs/filesystem/,404,doc
direct,https://www.stage.boost.org/doc/libs/1_90_0/libs/test/,404,doc
direct,https://www.stage.boost.org/doc/libs/1_90_0/libs/thread/,404,doc
direct,https://www.stage.boost.org/doc/libs/1_90_0/libs/regex/,404,doc
